brand	model	body
ABARTH	124 SPIDER	AE
ABARTH	500	AB
ABT E-LINE	ABT E-CADDY	BB
ABT E-LINE	ABT E-TRANSPORTER	BB
ADDAX MOTORS	ADDAX MT15N	BB
ADDAX MOTORS	ADDAX MT15N	BE
ADDAX MOTORS	ADDAX MTN	BB
ADRIA	43 HEAVY	SA
ADRIA	ACTIVE	SA
ADRIA	ADRIATIK	SA
ADRIA	COMPACT	SA
ADRIA	COMPACT AXESS	SA
ADRIA	COMPACT SC	SA
ADRIA	COMPACT SCS	SA
ADRIA	COMPACT SL	SA
ADRIA	COMPACT SLS	SA
ADRIA	COMPACT SP	SA
ADRIA	CORAL	SA
ADRIA	CORAL 600SL	SA
ADRIA	CORAL 650DL	SA
ADRIA	CORAL 660SL	SA
ADRIA	CORAL 670DC	SA
ADRIA	CORAL 670DL	SA
ADRIA	CORAL 670SC	SA
ADRIA	CORAL 670SL	SA
ADRIA	CORAL A SL	SA
ADRIA	CORAL MB 670DL	SA
ADRIA	CORAL S 600SC	SA
ADRIA	CORAL S 600SCT	SA
ADRIA	CORAL S 600SL	SA
ADRIA	CORAL S 670SC	SA
ADRIA	CORAL S 670SL	SA
ADRIA	CORAL S 670SLT	SA
ADRIA	CORAL S 690SC	SA
ADRIA	CORAL S 690SP	SA
ADRIA	CORAL S SCT	SA
ADRIA	CORAL S SF	SA
ADRIA	CORAL S SL	SA
ADRIA	CORAL SC	SA
ADRIA	CORAL SL	SA
ADRIA	MATRIX	SA
ADRIA	MATRIX 650SL	SA
ADRIA	MATRIX 670DC	SA
ADRIA	MATRIX 670DL	SA
ADRIA	MATRIX 670SC	SA
ADRIA	MATRIX 670SL	SA
ADRIA	MATRIX DT	SA
ADRIA	MATRIX M	SA
ADRIA	MATRIX M 590ST	SA
ADRIA	MATRIX M 600SC	SA
ADRIA	MATRIX M 670DC	SA
ADRIA	MATRIX M 670SBC	SA
ADRIA	MATRIX M 670SC	SA
ADRIA	MATRIX M 670SL	SA
ADRIA	MATRIX M 670SLT	SA
ADRIA	MATRIX M 670SP	SA
ADRIA	MATRIX M 680SL	SA
ADRIA	MATRIX M 680SP	SA
ADRIA	MATRIX M SC	SA
ADRIA	MATRIX M SF	SA
ADRIA	MATRIX M SG	SA
ADRIA	MATRIX M SL	SA
ADRIA	MATRIX MB 670SL	SA
ADRIA	MATRIX SC	SA
ADRIA	MATRIX SL	SA
ADRIA	MATRIX SUPREME SL	SA
ADRIA	S-SERIES S SL	SA
ADRIA	SONIC	SA
ADRIA	SONIC 600SL	SA
ADRIA	SONIC 700DC	SA
ADRIA	SONIC 700DL	SA
ADRIA	SONIC 700SL	SA
ADRIA	SONIC I SC	SA
ADRIA	SONIC I SCT	SA
ADRIA	SONIC I SL	SA
ADRIA	SONIC I SP	SA
ADRIA	SONIC PLUS	SA
ADRIA	SPORT S SL	SA
ADRIA	SPORTS S 690SC	SA
ADRIA	SUPER SONIC 780SL	SA
ADRIA	SUPER SONIC I SL	SA
ADRIA	SUPERSONIC 780SL	SA
ADRIA	SUPERSONIC 890LL	SA
ADRIA	TWIN	SA
ADRIA	TWIN 540SP	SA
ADRIA	TWIN 600SP	SA
ADRIA	TWIN 600SPB	SA
ADRIA	TWIN 600SPT FAMILY	SA
ADRIA	TWIN 640SGX	SA
ADRIA	TWIN 640SL	SA
ADRIA	TWIN 640SLB	SA
ADRIA	TWIN MAX 680SLB	SA
ADRIA	TWIN S	SA
ADRIA	TWIN SGX	SA
ADRIA	TWIN SHX	SA
ADRIA	TWIN SL	SA
ADRIA	TWIN SLB	SA
ADRIA	TWIN SLT	SA
ADRIA	TWIN SP	SA
ADRIA	TWIN SPB	SA
ADRIA	TWIN SPB FAMILY	SA
ADRIA	TWIN SPT	SA
ADRIA	TWIN SPX	SA
ADRIA MOBIL	3 WAY	SA
ADRIA MOBIL	ADRIA ADRIATIK	SA
ADRIA MOBIL	ADRIATIK	SA
ADRIA MOBIL	COMPACT SL	SA
ADRIA MOBIL	COMPACT SP	SA
ADRIA MOBIL	CORAL A 660SP	SA
ADRIA MOBIL	CORAL A 670SL	SA
ADRIA MOBIL	CORAL S 660SL	SA
ADRIA MOBIL	CORAL S 670SL	SA
ADRIA MOBIL	CORAL S 670SLT	SA
ADRIA MOBIL	CORAL S 680SP	SA
ADRIA MOBIL	CORAL S 680ST	SA
ADRIA MOBIL	CORAL S 690SC	SA
ADRIA MOBIL	CORAL S 690SP	SA
ADRIA MOBIL	MATRIX M 680SL	SA
ADRIA MOBIL	MATRIX M 680SP	SA
ADRIA MOBIL	POLARIS SL	SA
ADRIA MOBIL	SPORT A 660DP	SA
ADRIA MOBIL	SPORT S 573DS	SA
ADRIA MOBIL	SPORT S 577SC	SA
ADRIA MOBIL	SPORT S 577SP	SA
ADRIA MOBIL	SPORT S SL	SA
ADRIA MOBIL	TWIN	SA
ADRIA MOBIL	TWIN SL	SA
AL-KO	AMC35HA	BB
ALFA ROMEO	115	AE
ALFA ROMEO	1300 JUNIOR Z	AD
ALFA ROMEO	1300 TI	AA
ALFA ROMEO	145	AB
ALFA ROMEO	146	AB
ALFA ROMEO	147	AB
ALFA ROMEO	155	AA
ALFA ROMEO	155 Q 4	AA
ALFA ROMEO	155 Q4	AA
ALFA ROMEO	155 T.S	AA
ALFA ROMEO	155 T.SPARK	AA
ALFA ROMEO	155 TD	AA
ALFA ROMEO	156	AA
ALFA ROMEO	156	AC
ALFA ROMEO	156 Q4	AC
ALFA ROMEO	159	AA
ALFA ROMEO	159	AC
ALFA ROMEO	164	AA
ALFA ROMEO	164 Q4	AA
ALFA ROMEO	164 QV	AA
ALFA ROMEO	164 SUPER	AA
ALFA ROMEO	164 SUPER T.SPARK	AA
ALFA ROMEO	164 T.SPARK	AA
ALFA ROMEO	164 TWIN SPARK	AA
ALFA ROMEO	166	AA
ALFA ROMEO	1750	AA
ALFA ROMEO	1750 GTV	AD
ALFA ROMEO	1750 SPIDER VELOCE	AE
ALFA ROMEO	2000	AA
ALFA ROMEO	2000 GTV	AD
ALFA ROMEO	2000 SPIDER	AE
ALFA ROMEO	2000 SPIDER VELOCE	AE
ALFA ROMEO	2600 SPIDER	AE
ALFA ROMEO	2600 SPRINT	AD
ALFA ROMEO	33	AA
ALFA ROMEO	4C	AD
ALFA ROMEO	4C SPIDER	AE
ALFA ROMEO	75	AA
ALFA ROMEO	8C COMPETIZIONE	AD
ALFA ROMEO	916	AD
ALFA ROMEO	916	AE
ALFA ROMEO	916 CABRIOLET	AE
ALFA ROMEO	ALFA	AA
ALFA ROMEO	ALFA	AB
ALFA ROMEO	ALFA 6	AA
ALFA ROMEO	ALFA 6 QUADR	AA
ALFA ROMEO	ALFA BRERA	AD
ALFA ROMEO	ALFA GIULIETTA	AF
ALFA ROMEO	ALFA I.E	AA
ALFA ROMEO	ALFA I.E	AB
ALFA ROMEO	ALFA I.E	AC
ALFA ROMEO	ALFA IE	AA
ALFA ROMEO	ALFA IE KAT.U9	AA
ALFA ROMEO	ALFA JUNIOR	AB
ALFA ROMEO	ALFA MITO	AF
ALFA ROMEO	ALFA Q	AA
ALFA ROMEO	ALFA Q.V	AB
ALFA ROMEO	ALFA QUADRIFOGLIO ORO	AA
ALFA ROMEO	ALFA QV	AB
ALFA ROMEO	ALFA S	AB
ALFA ROMEO	ALFA S.W I.E	AC
ALFA ROMEO	ALFA SPIDER	AE
ALFA ROMEO	ALFA SUPER	AB
ALFA ROMEO	ALFA T.D	AB
ALFA ROMEO	ALFA T.SPARK	AB
ALFA ROMEO	ALFA TI	AB
ALFA ROMEO	ALFA TWIN SPARK	AA
ALFA ROMEO	ALFA V.KAT	AB
ALFA ROMEO	ALFETTA	AA
ALFA ROMEO	ALFETTA	AD
ALFA ROMEO	ALFETTA GTV	AD
ALFA ROMEO	ALFETTA QUADRIFOGLIO	AA
ALFA ROMEO	AR8C SPIDER	AE
ALFA ROMEO	BRERA	AD
ALFA ROMEO	DUETTO	AE
ALFA ROMEO	GIULIA	AA
ALFA ROMEO	GIULIA GTAM	AA
ALFA ROMEO	GIULIA QUADRIFOGLIO	AA
ALFA ROMEO	GIULIA QUADRIFOGLIO VERDE	AA
ALFA ROMEO	GIULIA SPIDER	AE
ALFA ROMEO	GIULIA SPRINT	AD
ALFA ROMEO	GIULIA SUPER	AA
ALFA ROMEO	GIULIA SUPER LUSSO	AA
ALFA ROMEO	GIULIA TI	AA
ALFA ROMEO	GIULIETTA	AA
ALFA ROMEO	GIULIETTA	AB
ALFA ROMEO	GIULIETTA SPIDER	AE
ALFA ROMEO	GIULIETTA SPRINT	AD
ALFA ROMEO	GT	AD
ALFA ROMEO	GT JUNIOR	AA
ALFA ROMEO	GT JUNIOR	AD
ALFA ROMEO	GT JUNIOR LUSSO	AD
ALFA ROMEO	GTV	AD
ALFA ROMEO	GTV 6	AD
ALFA ROMEO	GTV T.SPARK	AD
ALFA ROMEO	JUNIOR	AF
ALFA ROMEO	MITO	AB
ALFA ROMEO	MONTREAL	AD
ALFA ROMEO	NUOVA SUPER	AA
ALFA ROMEO	RZ	AE
ALFA ROMEO	SPIDER	AE
ALFA ROMEO	SPIDER CABRIOLET	AE
ALFA ROMEO	SPIDER DUETTO	AE
ALFA ROMEO	SPIDER Q.V	AE
ALFA ROMEO	SPIDER T.SPARK	AE
ALFA ROMEO	SPRINT	AB
ALFA ROMEO	SPRINT 1 5	AB
ALFA ROMEO	SPRINT Q.V	AB
ALFA ROMEO	SPRINT QUADRIFOGLIO	AB
ALFA ROMEO	SPYDER	AE
ALFA ROMEO	STELVIO	AC
ALFA ROMEO	STELVIO QUADRIFOGLIO	AC
ALFA ROMEO	SZ	AD
ALFA ROMEO	TONALE	AF
ALKE	ATX	BE
ALKO	ALKO	SA
ALKO	AMC-1 MC35XA	SA
ALKO	DUCATO	SA
ALKO	MC B	SA
ALKO	MC D	SA
ALKO	MC T	SA
ALKO	MC XA	SA
ALKO	MC XTA	SA
ALKO	MC31D	SA
ALPINA	B10	AA
ALPINA	BMW ALPINA	AA
ALPINA	BMW ALPINA	AC
ALPINA	BMW ALPINA	AD
ALPINA	BMW ALPINA B10	AA
ALPINA	BMW ALPINA COUPE	AD
ALPINA	BMW ALPINA D3	AC
ALPINA	BMW ALPINA D5	AC
ALPINA	BMW ALPINA D5 S	AC
ALPINA	BMW ALPINA S	AC
ALPINA	BMW ALPINA S CABRIOLET	AE
ALPINA	BMW ALPINA XB7	AB
ALPINA	BMW ALPINA XB7	AC
ALPINA	BMW ALPINA XD3	AC
ALPINA	ROADSTER S	AE
ALPINE	A110	AD
ALPINE	A290	AB
ALPINE	A390	AB
ALPINE-RENAULT	ALPINE A610	AD
ALPINE-RENAULT	V6	AD
ALPINE-RENAULT	V6GTA	AD
ALVIS	SPEED	AE
AMC JEEP	CJ7	AE
AMERICAN MOTORS	PACER	AB
AMPHICAR	770	AE
ASTON MARTIN	A-V12 VANQUISH	AD
ASTON MARTIN	CYGNET	AB
ASTON MARTIN	DB11	AD
ASTON MARTIN	DB11 VOLANTE	AE
ASTON MARTIN	DB12	AD
ASTON MARTIN	DB12 VOLANTE	AE
ASTON MARTIN	DB5	AD
ASTON MARTIN	DB7	AD
ASTON MARTIN	DB7 VANTAGE	AE
ASTON MARTIN	DB7 VANTAGE CABRIOLET	AE
ASTON MARTIN	DB7 VANTAGE COUPE	AD
ASTON MARTIN	DB7 VOLANTE	AE
ASTON MARTIN	DB9	AD
ASTON MARTIN	DB9	AE
ASTON MARTIN	DB9 VOLANTE	AE
ASTON MARTIN	DBS	AD
ASTON MARTIN	DBS VOLANTE	AE
ASTON MARTIN	DBX	AB
ASTON MARTIN	DBX707	AB
ASTON MARTIN	RAPIDE	AB
ASTON MARTIN	V12 VANQUISH	AD
ASTON MARTIN	V12 VANTAGE	AB
ASTON MARTIN	V8	AD
ASTON MARTIN	V8 VANTAGE	AB
ASTON MARTIN	V8 VANTAGE	AD
ASTON MARTIN	V8 VANTAGE ROADSTER	AE
ASTON MARTIN	V8 VANTAGE S ROADSTER	AE
ASTON MARTIN	VANQUISH	AD
ASTON MARTIN	VANQUISH VOLANTE	AE
ASTON MARTIN	VANTAGE	AB
ASTON MARTIN	VANTAGE	AD
ASTON MARTIN	VANTAGE ROADSTER	AE
ASTON MARTIN	VIRAGE	AD
ASTON MARTIN	VIRAGE VOLANTE	AE
AUDI	100	AA
AUDI	100	AC
AUDI	80	AA
AUDI	80	AC
AUDI	80 CABRIOLET	AE
AUDI	89	AE
AUDI	8G AUDI CABRIOLET	AE
AUDI	90	AA
AUDI	A1	AB
AUDI	A1	AC
AUDI	A1 ALLSTREET	AC
AUDI	A1 CARVER	AC
AUDI	A1 CITYCARVER	AC
AUDI	A1 SB	AB
AUDI	A2	AB
AUDI	A2	AC
AUDI	A3	AA
AUDI	A3	AB
AUDI	A3	AC
AUDI	A3 ALLSTREET	AC
AUDI	A3 CABRIOLET	AE
AUDI	A3 E-TRON	AB
AUDI	A3 G-TRON	AB
AUDI	A3 TFSIE	AB
AUDI	A3 WAHLW.AUDI	AB
AUDI	A3 WAHLW.AUDI	AC
AUDI	A4	AA
AUDI	A4	AC
AUDI	A4 ALLROAD	AC
AUDI	A4 AV QU	AC
AUDI	A4 CABRIOLET	AE
AUDI	A4 G-TRON	AC
AUDI	A5	AB
AUDI	A5	AC
AUDI	A5	AD
AUDI	A5 CABRIOLET	AE
AUDI	A5 COUPE	AD
AUDI	A5 G-TRON	AB
AUDI	A6	AA
AUDI	A6	AC
AUDI	A6 ALLROAD	AC
AUDI	A6 AV E-TRON	AC
AUDI	A6 SB E-TRON	AB
AUDI	A7	AB
AUDI	A8	AA
AUDI	A8 L	AA
AUDI	A8L	AA
AUDI	ALLROAD	AC
AUDI	AUDI	AA
AUDI	AUDI	AC
AUDI	AUDI	AE
AUDI	AUDI A4	AA
AUDI	AUDI A4	AC
AUDI	AUDI A8	AA
AUDI	AVANT RS2	AC
AUDI	E-TRON	AB
AUDI	E-TRON	AC
AUDI	Q2	AC
AUDI	Q3	AB
AUDI	Q3	AC
AUDI	Q3 2 0T	AC
AUDI	Q3 E-TRON	AB
AUDI	Q3 E-TRON	AC
AUDI	Q3 SB E	AB
AUDI	Q4 E-TRON	AB
AUDI	Q4 E-TRON	AC
AUDI	Q5	AB
AUDI	Q5	AC
AUDI	Q5 SB E	AB
AUDI	Q6 SB E-TRON	AB
AUDI	Q6 SUV E-TRON	AC
AUDI	Q7	AC
AUDI	Q7	BB
AUDI	Q7 E-TRON	AC
AUDI	Q8	AB
AUDI	Q8 E-TRON	AB
AUDI	Q8 E-TRON	AC
AUDI	QUATTRO	AD
AUDI	QUATTRO COUPE	AD
AUDI	QUATTRO RS6	AC
AUDI	R8 COUPE	AD
AUDI	R8 SPYDER	AE
AUDI	RS 3	AA
AUDI	RS 3	AB
AUDI	RS 4	AC
AUDI	RS 5	AB
AUDI	RS 5	AC
AUDI	RS 5 CABRIOLET	AE
AUDI	RS 5 COUPE	AD
AUDI	RS 6	AC
AUDI	RS 7	AB
AUDI	RS E-TRON	AB
AUDI	RS Q3	AB
AUDI	RS Q3	AC
AUDI	RS Q8	AB
AUDI	RS4	AC
AUDI	RS6	AC
AUDI	S E-TRON	AB
AUDI	S3 CABRIOLET	AE
AUDI	S5 CABRIOLET	AE
AUDI	S5 COUPE	AD
AUDI	S6 AV E-TRON	AC
AUDI	S6 SB E-TRON	AB
AUDI	S8 PLUS	AA
AUDI	SQ2	AC
AUDI	SQ5	AC
AUDI	SQ5 PLUS	AC
AUDI	SQ6 SB E-TRON	AB
AUDI	SQ6 SUV E-TRON	AC
AUDI	SQ7	AC
AUDI	SQ7	BB
AUDI	SQ8	AB
AUDI	SQ8	BB
AUDI	SQ8 E-TRON	AB
AUDI	SQ8 E-TRON	AC
AUDI	TT	AD
AUDI	TT	AE
AUDI	TT COUPE	AD
AUDI	TT ROADSTER	AE
AUDI	TTS	AD
AUDI	TTS	AE
AUDI	TTS COUPE	AD
AUDI	TTS ROADSTER	AE
AUSTIN	CHAMP	AE
AUSTIN	HEALEY	AE
AUSTIN	HEALEY 100-6	AE
AUSTIN	HEALEY 3000	AE
AUSTIN	HEALEY 3000 MK	AE
AUSTIN	HEALEY 3000 MK III	AE
AUSTIN	HEALEY SPRITE	AE
AUSTIN	HEALEY SPRITE MK	AE
AUSTIN	HEALEY SPRITE MK 1V	AE
AUSTIN	HEALY 100-6	AE
AUSTIN	HEALY SPRITE	AE
AUSTIN	MAESTRO	AB
AUSTIN	METRO	AB
AUSTIN	METRO SURF	AB
AUSTIN	MINI	AA
AUSTIN	MINI	AB
AUSTIN	MOKE	AE
AUSTIN	MONTEGO	AA
AUSTIN	SEVEN	AA
AUSTIN	SEVEN	AE
AUSTIN-HEALEY	100	AE
AUSTIN-HEALEY	100-6	AE
AUSTIN-HEALEY	3000	AE
AUSTIN-HEALEY	3000 MK III	AE
AUSTIN-HEALEY	SPRITE	AE
AUTO BIANCHI	500 D GIARDINIERA	AC
AUTO BIANCHI	LANCIA A112 JUNIOR	AB
AUTO UNION	100	AA
AUTO UNION	1000 SUPER	AA
AUTO UNION	80	AA
AUTO UNION	AUDI	AA
AUTO UNION	AUDI	AC
AUTO UNION	AUDI 100CC	AA
AUTO UNION	AUDI 5T	AA
AUTO UNION	AUDI AUT.U9	AA
AUTO UNION	AUDI C	AA
AUTO UNION	AUDI CABRIOLET	AE
AUTO UNION	AUDI CC	AA
AUTO UNION	AUDI CC	AB
AUTO UNION	AUDI CD	AA
AUTO UNION	AUDI COUPE	AA
AUTO UNION	AUDI COUPE	AD
AUTO UNION	AUDI CS	AA
AUTO UNION	AUDI D	AA
AUTO UNION	AUDI KWU9 COUPE	AD
AUTO UNION	AUDI S COUPE	AD
AUTO UNION	AUDI TD	AA
AUTOMOBILI LAMBORGHINI S.	AVENTADOR	AD
AUTOMOBILI LAMBORGHINI S.	AVENTADOR	AE
AUTOMOBILI LAMBORGHINI S.	HURACAN	AD
AUTOMOBILI LAMBORGHINI S.	HURACAN	AE
AUTOMOBILI LAMBORGHINI S.	REVUELTO	AD
AUTOMOBILI LAMBORGHINI S.	URUS	AF
AUTOSTAR	480	SA
AUTOSTAR	ATHENOR	SA
AUTOSTAR	ATHENOR 480+	SA
AUTOSTAR	AUROS	SA
AVEURO	SPRINTER	CA
BAVARIA	T746C	SA
BD	E-DUCATO	BB
BEDFORD	CF	SA
BENIMAR	AMPHITRYON	SA
BENIMAR	ARISTEO	SA
BENIMAR	BENIVAN	SA
BENIMAR	EUROPE 6000 ST	SA
BENIMAR	EUROPE 6000 STL	SA
BENIMAR	MILEO	SA
BENIMAR	PERSEO	SA
BENIMAR	SPORT	SA
BENIMAR	TESSEO	SA
BENIMAR	TESSORO	SA
BENIMAR	YRTEO	SA
BENTLEY	ARNAGE	AA
BENTLEY	AZURE	AE
BENTLEY	BENTAYGA	AC
BENTLEY	BENTAYGA AZURE	AC
BENTLEY	BENTAYGA SPEED	AC
BENTLEY	BROOKLANDS	AA
BENTLEY	CONTINENTAL	AD
BENTLEY	CONTINENTAL	AE
BENTLEY	CONTINENTAL AZURE	AD
BENTLEY	CONTINENTAL AZURE	AE
BENTLEY	CONTINENTAL CABRIOLET	AE
BENTLEY	CONTINENTAL FLYING SPUR	AA
BENTLEY	CONTINENTAL MULLINER	AD
BENTLEY	CONTINENTAL MULLINER	AE
BENTLEY	CONTINENTAL SPEED	AD
BENTLEY	CONTINENTAL SPEED	AE
BENTLEY	CONTINENTAL SPEED CABRIOLET	AE
BENTLEY	CONTINENTAL SUPERSPORTS	AD
BENTLEY	EIGHT	AA
BENTLEY	FLYING SPUR	AA
BENTLEY	FLYING SPUR AZURE	AA
BENTLEY	FLYING SPUR MULLINER	AA
BENTLEY	FLYING SPUR SPEED	AA
BENTLEY	MARK VI	AA
BENTLEY	MULSANNE	AA
BENTLEY	MULSANNE SPEED	AA
BENTLEY	TURBO	AA
BERKHOF	AMBASSADOR	CA
BERTONE	RITMO CABRIOLET	AE
BINZ	HUISKAMP GLASS	SD
BINZ	HUISKAMP LANDAU	SD
BMW	1 SERIES	AB
BMW	1 SERIES	AC
BMW	1 SERIES	AE
BMW	1502	AA
BMW	1602	AA
BMW	1800	AA
BMW	1802	AA
BMW	2 SERIES	AA
BMW	2 SERIES	AC
BMW	2 SERIES	AD
BMW	2 SERIES	AE
BMW	2 SERIES ACTIVE TOURER	AC
BMW	2 SERIES GRAN TOURER	AC
BMW	2000	AA
BMW	2002	AA
BMW	2002	AD
BMW	2002 CABRIOLET	AE
BMW	2002 TII	AA
BMW	2500	AA
BMW	2800	AA
BMW	2800 CS	AD
BMW	3	AA
BMW	3 REIHE	AD
BMW	3 REIHE	AE
BMW	3 SERIE	AA
BMW	3 SERIE	AC
BMW	3 SERIE	AD
BMW	3 SERIE	AE
BMW	3 SERIE CABRIOLET	AE
BMW	3 SERIES	AA
BMW	3 SERIES	AB
BMW	3 SERIES	AC
BMW	3 SERIES	AD
BMW	3 SERIES	AE
BMW	4 SERIES	AA
BMW	4 SERIES	AD
BMW	4 SERIES	AE
BMW	4 SERIES GRAN COUPE	AA
BMW	5 SERIE	AA
BMW	5 SERIES	AA
BMW	5 SERIES	AC
BMW	5ER GRAN TURISMO REIHE	AA
BMW	6 SERIES	AA
BMW	6 SERIES	AD
BMW	6 SERIES	AE
BMW	7 SERIES	AA
BMW	8 SERIES	AA
BMW	8 SERIES	AD
BMW	8 SERIES	AE
BMW	ACTIVEHYBRID 3	AA
BMW	ACTIVEHYBRID 5	AA
BMW	ACTIVEHYBRID 7	AA
BMW	ACTIVEHYBRID 7 L	AA
BMW	ACTIVEHYBRID X6	AC
BMW	ALPINA	AA
BMW	CS	AD
BMW	CSI	AD
BMW	CSL	AD
BMW	I SERIES	AA
BMW	I3	AA
BMW	I4	AA
BMW	I5	AA
BMW	I5	AC
BMW	I7	AA
BMW	I8	AD
BMW	I8	AE
BMW	ISETTA	AA
BMW	ISETTA	AB
BMW	ISETTA	AD
BMW	IX	AC
BMW	IX1	AC
BMW	IX2	AB
BMW	IX3	AC
BMW	M 550D	AA
BMW	M 550D	AC
BMW	M COUPE	AD
BMW	M CSI	AD
BMW	M ROADSTER	AE
BMW	M Z REIHE	AD
BMW	M Z REIHE	AE
BMW	M2	AD
BMW	M3	AA
BMW	M3	AC
BMW	M3	AD
BMW	M3	AE
BMW	M4	AD
BMW	M4	AE
BMW	M5	AA
BMW	M5	AC
BMW	M6	AA
BMW	M6	AD
BMW	M6	AE
BMW	M8	AA
BMW	M8	AD
BMW	M8	AE
BMW	MI 140I	AC
BMW	MINI COOPER	AB
BMW	MINI ONE	AB
BMW	SI	AA
BMW	TOURING	AB
BMW	X RHEIHE	AC
BMW	X RHEIHE	BB
BMW	X SERIES	AC
BMW	X-REIHE	AC
BMW	X1	AC
BMW	X2	AB
BMW	X2	AC
BMW	X3	AA
BMW	X3	AC
BMW	X4	AA
BMW	X5	AC
BMW	X5	BB
BMW	X6	AA
BMW	X6	AC
BMW	X7	AB
BMW	X7	AC
BMW	XM	AB
BMW	XM 50E	AB
BMW	XM LABEL	AB
BMW	Z SERIES	AE
BMW	Z1	AE
BMW	Z3	AD
BMW	Z3	AE
BMW	Z4	AE
BMW	Z8	AE
BORGWARD	ISABELLA COUPE	AD
BOSMAL	650 CABRIOLET	AE
BOVA	FHD	CA
BRAVIA	SWAN	SA
BUERSTNER	590	SA
BUERSTNER	615	SA
BUERSTNER	640	SA
BUERSTNER	700	SA
BUERSTNER	ALKOVEN	SA
BUERSTNER	BC5401	SA
BUERSTNER	BC5402	SA
BUERSTNER	BC6001	SA
BUERSTNER	BC6002	SA
BUERSTNER	BC6003	SA
BUERSTNER	BC6401	SA
BUERSTNER	BC6402	SA
BUERSTNER	BC6403	SA
BUERSTNER	BI6902	SA
BUERSTNER	BI6904	SA
BUERSTNER	BI6905	SA
BUERSTNER	BI7201	SA
BUERSTNER	BI7281	SA
BUERSTNER	BI7342	SA
BUERSTNER	BIT585	SA
BUERSTNER	BIT650	SA
BUERSTNER	BIT670	SA
BUERSTNER	BIT695	SA
BUERSTNER	BIT700	SA
BUERSTNER	BIT710	SA
BUERSTNER	BIT720	SA
BUERSTNER	BIT734	SA
BUERSTNER	BNT720	SA
BUERSTNER	BT5691	SA
BUERSTNER	BT5692	SA
BUERSTNER	BT5693	SA
BUERSTNER	BT5901	SA
BUERSTNER	BT5902	SA
BUERSTNER	BT5903	SA
BUERSTNER	BT5904	SA
BUERSTNER	BT6001	SA
BUERSTNER	BT6201	SA
BUERSTNER	BT6202	SA
BUERSTNER	BT6203	SA
BUERSTNER	BT6401	SA
BUERSTNER	BT6451	SA
BUERSTNER	BT6601	SA
BUERSTNER	BT6603	SA
BUERSTNER	BT6604	SA
BUERSTNER	BT6605	SA
BUERSTNER	BT6606	SA
BUERSTNER	BT6607	SA
BUERSTNER	BT6641	SA
BUERSTNER	BT6651	SA
BUERSTNER	BT6801	SA
BUERSTNER	BT6802	SA
BUERSTNER	BT6851	SA
BUERSTNER	BT6852	SA
BUERSTNER	BT6853	SA
BUERSTNER	BT6901	SA
BUERSTNER	BT6902	SA
BUERSTNER	BT6903	SA
BUERSTNER	BT6904	SA
BUERSTNER	BT6905	SA
BUERSTNER	BT6906	SA
BUERSTNER	BT6908	SA
BUERSTNER	BT6909	SA
BUERSTNER	BT6910	SA
BUERSTNER	BT6911	SA
BUERSTNER	BT7002	SA
BUERSTNER	BT7003	SA
BUERSTNER	BT7004	SA
BUERSTNER	BT7005	SA
BUERSTNER	BT7102	SA
BUERSTNER	BT7103	SA
BUERSTNER	BT7105	SA
BUERSTNER	BT7203	SA
BUERSTNER	BT7262	SA
BUERSTNER	BT7263	SA
BUERSTNER	BT7264	SA
BUERSTNER	BT7265	SA
BUERSTNER	BT7271	SA
BUERSTNER	BT7272	SA
BUERSTNER	BT7281	SA
BUERSTNER	BT7282	SA
BUERSTNER	BT7283	SA
BUERSTNER	BT7284	SA
BUERSTNER	BT7291	SA
BUERSTNER	BT7292	SA
BUERSTNER	BT7321	SA
BUERSTNER	BT7341	SA
BUERSTNER	BT7342	SA
BUERSTNER	BT7343	SA
BUERSTNER	BT7344	SA
BUERSTNER	BT7361	SA
BUERSTNER	BT7363	SA
BUERSTNER	BT7401	SA
BUERSTNER	BT7403	SA
BUERSTNER	BT7404	SA
BUERSTNER	BT7441	SA
BUERSTNER	BT7452	SA
BUERSTNER	BT7453	SA
BUERSTNER	BT7454	SA
BUERSTNER	BU I684	SA
BUERSTNER	BU I727	SA
BUERSTNER	BU I728	SA
BUERSTNER	BU I730	SA
BUERSTNER	BU I821	SA
BUERSTNER	BUT	SA
BUERSTNER	BUT569	SA
BUERSTNER	BUT569 NEXXO	SA
BUERSTNER	BUT570	SA
BUERSTNER	BUT571	SA
BUERSTNER	BUT580	SA
BUERSTNER	BUT580 NEXXO	SA
BUERSTNER	BUT585	SA
BUERSTNER	BUT610	SA
BUERSTNER	BUT615	SA
BUERSTNER	BUT620	SA
BUERSTNER	BUT625	SA
BUERSTNER	BUT640	SA
BUERSTNER	BUT660	SA
BUERSTNER	BUT660 NEXXO	SA
BUERSTNER	BUT664	SA
BUERSTNER	BUT664 IXEO	SA
BUERSTNER	BUT674	SA
BUERSTNER	BUT675	SA
BUERSTNER	BUT687	SA
BUERSTNER	BUT695	SA
BUERSTNER	BUT697	SA
BUERSTNER	BUT700	SA
BUERSTNER	BUT710	SA
BUERSTNER	BUT715	SA
BUERSTNER	BUT720	SA
BUERSTNER	BUT724	SA
BUERSTNER	BUT725	SA
BUERSTNER	BUT726	SA
BUERSTNER	BUT727	SA
BUERSTNER	BUT728	SA
BUERSTNER	BUT729	SA
BUERSTNER	BUT740	SA
BUERSTNER	CITYCAR C600	SA
BUERSTNER	FT	SA
BUERSTNER	I640	SA
BUERSTNER	I675	SA
BUERSTNER	I684	SA
BUERSTNER	I6841	SA
BUERSTNER	I685	SA
BUERSTNER	I694	SA
BUERSTNER	I696	SA
BUERSTNER	I725	SA
BUERSTNER	I727	SA
BUERSTNER	T590	SA
BUERSTNER	T615	SA
BUERSTNER	T620	SA
BUERSTNER	T6251	SA
BUERSTNER	T7001	SA
BUERSTNER	TEILINTEGRIERT	SA
BUICK	CENTURION	AE
BUICK	CENTURY	AA
BUICK	ELECTRA	AA
BUICK	ELECTRA	AE
BUICK	ENCLAVE	AC
BUICK	ENCLAVE	AF
BUICK	ESTATE	AC
BUICK	GS	AD
BUICK	LE SABRE	AA
BUICK	LE SABRE	AD
BUICK	LE SABRE	AE
BUICK	PARK AVENUE	AA
BUICK	REGAL	AA
BUICK	REGAL	AD
BUICK	RIVIERA	AA
BUICK	RIVIERA	AD
BUICK	ROADMASTER	AA
BUICK	ROADMASTER	AC
BUICK	SKYLARK	AA
BUICK	SKYLARK	AD
BUICK	SKYLARK	AE
BUICK	SPECIAL	AA
BUICK	SUPER	AA
BUICK	WILDCAT	AA
BUICK	WILDCAT	AD
BURSTNER GMBH	BC5001	SA
BURSTNER GMBH	BC5301	SA
BURSTNER GMBH	BC5402	SA
BURSTNER GMBH	BC5404	SA
BURSTNER GMBH	BC5901	SA
BURSTNER GMBH	BC6003	SA
BURSTNER GMBH	BC6005	SA
BURSTNER GMBH	BC6022	SA
BURSTNER GMBH	BC6211	SA
BURSTNER GMBH	BC6403	SA
BURSTNER GMBH	BC6421	SA
BURSTNER GMBH	BC6441	SA
BURSTNER GMBH	BT5695	SA
BURSTNER GMBH	BT6202	SA
BURSTNER GMBH	BT6205	SA
BURSTNER GMBH	BT6206	SA
BURSTNER GMBH	BT6607	SA
BURSTNER GMBH	BT6905	SA
BURSTNER GMBH	BT6907	SA
BURSTNER GMBH	BT6909	SA
BURSTNER GMBH	BT6910	SA
BURSTNER GMBH	BT6913	SA
BURSTNER GMBH	BT6914	SA
BURSTNER GMBH	BT7263	SA
BURSTNER GMBH	BT7264	SA
BURSTNER GMBH	BT7265	SA
BURSTNER GMBH	BT7271	SA
BURSTNER GMBH	BT7272	SA
BURSTNER GMBH	BT7284	SA
BURSTNER GMBH	BT7321	SA
BURSTNER GMBH	BT7344	SA
BURSTNER GMBH	BT7361	SA
BURSTNER GMBH	BT7454	SA
BYD	ATTO 2	AB
BYD	ATTO 2	AF
BYD	ATTO 2 DM-I	AF
BYD	ATTO 3	AF
BYD	ATTO 3 EVO	AF
BYD	BYDEBUS	CA
BYD	DOLPHIN	AB
BYD	DOLPHIN G	AB
BYD	DOLPHIN SURF	AB
BYD	E6H	AB
BYD	EBUS	CA
BYD	ETM6	BB
BYD	ETP3	BB
BYD	HAN	AA
BYD	K7U BYD 8M	CA
BYD	SEAL	AA
BYD	SEAL 6 DM-I	AA
BYD	SEAL 6 DM-I	AB
BYD	SEAL U	AF
BYD	SEAL U DM-I	AF
BYD	SEAL U DMI	AF
BYD	SEALION 7	AF
BYD	TANG EV	AF
CADILLAC	4-DOOR SEVILLE	AA
CADILLAC	4-DOOR SEVILLE STS	AA
CADILLAC	62	AA
CADILLAC	6DW29 SEVILLE STS	AA
CADILLAC	6EB26 SRX	AF
CADILLAC	6RB26 SRX	AF
CADILLAC	6YV67 XLR CABRIOLET	AE
CADILLAC	ALLANTE	AE
CADILLAC	ATS	AA
CADILLAC	BLS	AA
CADILLAC	BLS	AC
CADILLAC	BROUGHAM	AA
CADILLAC	CTS	AA
CADILLAC	CTS	AF
CADILLAC	CTS-V	AA
CADILLAC	DE VILLE	AA
CADILLAC	DE VILLE	AE
CADILLAC	DE VILLE	SD
CADILLAC	DE VILLE CABRIOLET	AE
CADILLAC	DE VILLE COUPE	AA
CADILLAC	DE VILLE COUPE	AD
CADILLAC	DEVILLE	AA
CADILLAC	DEVILLE CABRIOLET	AE
CADILLAC	DEVILLE COUPE	AD
CADILLAC	DTS	AA
CADILLAC	DTS	SD
CADILLAC	ELDORADO	AA
CADILLAC	ELDORADO	AD
CADILLAC	ELDORADO	AE
CADILLAC	ELDORADO BIARRITZ	AE
CADILLAC	ELDORADO CABRIOLET	AE
CADILLAC	ELDORADO COUPE	AD
CADILLAC	ESCALADE	AC
CADILLAC	ESCALADE	AF
CADILLAC	ESCALADE	BB
CADILLAC	ESCALADE	BE
CADILLAC	FLEETWOOD	AA
CADILLAC	FLEETWOOD BROUGHAM	AA
CADILLAC	FLEETWOOD SIXTY	AA
CADILLAC	HEARSE	SD
CADILLAC	LYRIQ	AF
CADILLAC	SEDAN DEVILLE	AA
CADILLAC	SEDAN VILLE	AA
CADILLAC	SERIES	AA
CADILLAC	SERIES	AE
CADILLAC	SERIES CABRIOLET	AE
CADILLAC	SEVILLE	AA
CADILLAC	SEVILLE STS	AA
CADILLAC	SRX	AC
CADILLAC	SRX	AF
CADILLAC	STS	AA
CADILLAC	XT5	AF
CADILLAC	XTS	SD
CAMPEREVE	MAGELLAN	SA
CAPRON	A361	SA
CAPRON	A366	SA
CAPRON	A461	SA
CAPRON	A464	SA
CAPRON	A68	SA
CAPRON	A68 A361	SA
CAPRON	A69	SA
CAPRON	A70	SA
CAPRON	A70 A464	SA
CAPRON	A72	SA
CAPRON	C600	SA
CAPRON	C640	SA
CAPRON	CVE	SA
CAPRON	CVE540	SA
CAPRON	CVE600	SA
CAPRON	CVE640	SA
CAPRON	I338	SA
CAPRON	I339	SA
CAPRON	I447	SA
CAPRON	I449	SA
CAPRON	I67S	SA
CAPRON	I67S I338	SA
CAPRON	I68	SA
CAPRON	I68 I447	SA
CAPRON	I69L	SA
CAPRON	I69L I449	SA
CAPRON	SUNLIGHT	SA
CAPRON	T 69L	SA
CAPRON	T 69S	SA
CAPRON	T068	SA
CAPRON	T132	SA
CAPRON	T134	SA
CAPRON	T135	SA
CAPRON	T334	SA
CAPRON	T337	SA
CAPRON	T338	SA
CAPRON	T339	SA
CAPRON	T344	SA
CAPRON	T345	SA
CAPRON	T348	SA
CAPRON	T447	SA
CAPRON	T447T	SA
CAPRON	T448	SA
CAPRON	T449	SA
CAPRON	T459	SA
CAPRON	T58	SA
CAPRON	T58 T135	SA
CAPRON	T60	SA
CAPRON	T63	SA
CAPRON	T64	SA
CAPRON	T65	SA
CAPRON	T66	SA
CAPRON	T66 T337	SA
CAPRON	T66S T328	SA
CAPRON	T67	SA
CAPRON	T67 T448	SA
CAPRON	T670S T338T	SA
CAPRON	T67S	SA
CAPRON	T67S T338	SA
CAPRON	T68	SA
CAPRON	T68 T447	SA
CAPRON	T68 T447 T742	SA
CAPRON	T680 T447T	SA
CAPRON	T68C T457	SA
CAPRON	T690L T449T	SA
CAPRON	T69L	SA
CAPRON	T69LC	SA
CAPRON	T69LC T459	SA
CAPRON	T69S	SA
CAPRON	V132	SA
CAPRON	V337	SA
CAPRON	V339	SA
CAPRON	V60	SA
CAPRON	V60 V132	SA
CAPRON	V66	SA
CAPRON	V66 V337	SA
CAPRON	V67S V347	SA
CAPRON	V69	SA
CAPRON	V69 V339	SA
CAR-BUS.NET	SHAULA	CA
CARAVANS INTERNAT. SPA	AUTOROLLER	SA
CARGOLEV	TC	BB
CARPOL	SPRINTER	BB
CARTHAGO	600 LE	SA
CARTHAGO	640 LE CHARMING	SA
CARTHAGO	C I LE	SA
CARTHAGO	C-COMPACTLINE I	SA
CARTHAGO	C-COMPACTLINE I LE	SA
CARTHAGO	C-TOURER I	SA
CARTHAGO	C-TOURER I LE	SA
CARTHAGO	C-TOURER I QB	SA
CARTHAGO	C-TOURER T	SA
CARTHAGO	C-TOURER T 148H	SA
CARTHAGO	C-TOURER T LE	SA
CARTHAGO	C-TOURER T LE H	SA
CARTHAGO	C-TOURER T QB	SA
CARTHAGO	C-TOURER T143	SA
CARTHAGO	C-TOURER T148 H	SA
CARTHAGO	C1-TOURER T KB-LE	SA
CARTHAGO	CHIC C-LINE	SA
CARTHAGO	CHIC C-LINE I	SA
CARTHAGO	CHIC C-LINE I LE	SA
CARTHAGO	CHIC C-LINE I LE L	SA
CARTHAGO	CHIC C-LINE I QB	SA
CARTHAGO	CHIC C-LINE I QB L	SA
CARTHAGO	CHIC C-LINE T	SA
CARTHAGO	CHIC C-LINE T LE	SA
CARTHAGO	CHIC C-LINE TPLUS	SA
CARTHAGO	CHIC E-LINE I	SA
CARTHAGO	CHIC E-LINE I 51QB	SA
CARTHAGO	CHIC E-LINE I LE	SA
CARTHAGO	CHIC E-LINE I QB	SA
CARTHAGO	CHIC E-LINE I YACHTING	SA
CARTHAGO	CHIC E-LINE I50 LINERCLASS	SA
CARTHAGO	CHIC I	SA
CARTHAGO	CHIC S-PLUS I50 LE	SA
CARTHAGO	LINER FOR TWO	SA
CARTHAGO	LINER FOR TWO L	SA
CARTHAGO	MALIBU	SA
CARTHAGO	MALIBU COUPE	SA
CARTHAGO	MALIBU DB	SA
CARTHAGO	MALIBU I	SA
CARTHAGO	MALIBU I LE	SA
CARTHAGO	MALIBU LE	SA
CARTHAGO	MALIBU LE CHARMING	SA
CARTHAGO	MALIBU LE COUPE	SA
CARTHAGO	MALIBU LE K	SA
CARTHAGO	MALIBU LE K COUPE	SA
CARTHAGO	MALIBU LE RB	SA
CARTHAGO	MALIBU LEK	SA
CARTHAGO	MALIBU LERB	SA
CARTHAGO	MALIBU T	SA
CARTHAGO	MALIBU T LE	SA
CARTHAGO	TOURER C1 I142QB	SA
CARTHAGO	TOURER C1 T142QB	SA
CARTHAGO	TOURER C1 T143	SA
CARTHAGO	TOURER C1 T148H	SA
CATERHAM	SUPER SEVEN	AE
CATERHAM	SUPER SEVEN DD	AE
CATERHAM	SUPER SEVEN K-SERIES	AE
CENNTRO	LOGISTAR	BB
CENNTRO	METRO	BE
CHALLANGER	GENESIS	SA
CHALLENGER	250	SA
CHALLENGER	260	SA
CHALLENGER	270	SA
CHALLENGER	287 GA	SA
CHALLENGER	288	SA
CHALLENGER	288 EB	SA
CHALLENGER	290	SA
CHALLENGER	308	SA
CHALLENGER	328	SA
CHALLENGER	337	SA
CHALLENGER	337 GA	SA
CHALLENGER	348	SA
CHALLENGER	357	SA
CHALLENGER	358	SA
CHALLENGER	377	SA
CHALLENGER	378 XLB	SA
CHALLENGER	380	SA
CHALLENGER	387 GA	SA
CHALLENGER	388 EB	SA
CHALLENGER	398 EB	SA
CHALLENGER	398 XLB	SA
CHALLENGER	BIRTHDAY	SA
CHALLENGER	BIRTHDAY EB	SA
CHALLENGER	C256	SA
CHALLENGER	CHALLENGER	SA
CHALLENGER	EDEN	SA
CHALLENGER	GENESIS	SA
CHALLENGER	GRAPHITE	SA
CHALLENGER	MAGEO	SA
CHALLENGER	MAGEO EB	SA
CHALLENGER	MAGEO S	SA
CHALLENGER	PRIUM	SA
CHALLENGER	TRIGANO	SA
CHALLENGER	TRIGANO F12	SA
CHALLENGER	TRIGANO FD1	SA
CHALLENGER	TRIGANO FD2	SA
CHALLENGER	TRIGANO FI1	SA
CHALLENGER	VANY	SA
CHALLENGER	VANY 2	SA
CHALLENGER	VANY START V114	SA
CHALLENGER	VANY V114	SA
CHALLENGER	VANY V217	SA
CHATEAU	A-SERIES	SA
CHATEAU	H-SERIES	SA
CHAUSSON	514	SA
CHAUSSON	515	SA
CHAUSSON	550	SA
CHAUSSON	610	SA
CHAUSSON	625	SA
CHAUSSON	627 GA	SA
CHAUSSON	628	SA
CHAUSSON	628 EB	SA
CHAUSSON	630	SA
CHAUSSON	640	SA
CHAUSSON	648	SA
CHAUSSON	650	SA
CHAUSSON	660	SA
CHAUSSON	708	SA
CHAUSSON	711	SA
CHAUSSON	716	SA
CHAUSSON	717	SA
CHAUSSON	718 EB	SA
CHAUSSON	718 XLB	SA
CHAUSSON	720	SA
CHAUSSON	727 GA	SA
CHAUSSON	728 EB	SA
CHAUSSON	737	SA
CHAUSSON	738 XLB	SA
CHAUSSON	747 GA	SA
CHAUSSON	757	SA
CHAUSSON	758	SA
CHAUSSON	768	SA
CHAUSSON	777	SA
CHAUSSON	777 GA	SA
CHAUSSON	788	SA
CHAUSSON	ALLEGRO	SA
CHAUSSON	BEST OF	SA
CHAUSSON	FLASH	SA
CHAUSSON	FLASH M13 SUNROOF	SA
CHAUSSON	S697	SA
CHAUSSON	SWEET	SA
CHAUSSON	SWEET GARAGE	SA
CHAUSSON	TITANIUM	SA
CHAUSSON	TITANIUM EB	SA
CHAUSSON	TRIGANO	SA
CHAUSSON	TRIGANO F12	SA
CHAUSSON	TRIGANO FD1	SA
CHAUSSON	TRIGANO FD2	SA
CHAUSSON	TRIGANO FI1	SA
CHAUSSON	TRIGANO FK1	SA
CHAUSSON	TRIGANO RE1	SA
CHAUSSON	TWIST	SA
CHAUSSON	TWIST 2	SA
CHAUSSON	TWIST S	SA
CHAUSSON	TWIST START V594	SA
CHAUSSON	TWIST START V697	SA
CHAUSSON	TWIST V594	SA
CHAUSSON	TWIST V594S	SA
CHAUSSON	TWIST V697	SA
CHAUSSON	V594	SA
CHAUSSON	V697	SA
CHAUSSON	WELCOM EB	SA
CHAUSSON	WELCOME	SA
CHAUSSON	WELCOME 79EB	SA
CHAUSSON	WELCOME EB	SA
CHAUSSON	WELCOME SWEET	SA
CHAUSSON	WELCOME WS	SA
CHAUSSON	X550	SA
CHAUSSON	X650	SA
CHEVROLET	1500	BB
CHEVROLET	1500	BE
CHEVROLET	1500	SA
CHEVROLET	1YY07 CORVETTE	AB
CHEVROLET	1YY07 CORVETTE COUPE	AD
CHEVROLET	1YY67 CORVETTE CABRIOLET	AE
CHEVROLET	1YY87 CORVETTE Z06 COUPE	AD
CHEVROLET	2-DOOR CAMARO CABRIOLET	AE
CHEVROLET	2-DOOR CAMARO COUPE	AD
CHEVROLET	2-DOOR CAMARO Z28	AD
CHEVROLET	3100	BB
CHEVROLET	3100	BE
CHEVROLET	3200	BE
CHEVROLET	3600	BE
CHEVROLET	4-DOOR BLAZER	AC
CHEVROLET	ALERO	AA
CHEVROLET	APACHE	BE
CHEVROLET	ASTRO	AC
CHEVROLET	ASTRO	AF
CHEVROLET	ASTRO	BB
CHEVROLET	ASTRO	SA
CHEVROLET	ASTRO EXTENDED	BB
CHEVROLET	AVALANCHE	BE
CHEVROLET	AVEO	AA
CHEVROLET	AVEO	AB
CHEVROLET	BEAUVILLE	AF
CHEVROLET	BEL AIR	AA
CHEVROLET	BEL AIR	AC
CHEVROLET	BEL AIR	AD
CHEVROLET	BELAIR	AA
CHEVROLET	BERETTA	AD
CHEVROLET	BLAZER	AC
CHEVROLET	BLAZER	AE
CHEVROLET	BLAZER	AF
CHEVROLET	BLAZER	BB
CHEVROLET	BOLT EV	AB
CHEVROLET	C-10	BE
CHEVROLET	C10	BE
CHEVROLET	C10 CUSTOM	BE
CHEVROLET	C10 SILVERADO	BE
CHEVROLET	C20	BE
CHEVROLET	CAMARO	AA
CHEVROLET	CAMARO	AD
CHEVROLET	CAMARO	AE
CHEVROLET	CAMARO BERLINETTA	AD
CHEVROLET	CAMARO CABRIOLET	AE
CHEVROLET	CAMARO COUPE	AD
CHEVROLET	CAMARO SS	AD
CHEVROLET	CAMARO SS	AE
CHEVROLET	CAMARO Z28	AD
CHEVROLET	CAMARO Z28E	AD
CHEVROLET	CAPRICE	AA
CHEVROLET	CAPRICE	AC
CHEVROLET	CAPRICE	AD
CHEVROLET	CAPRICE	AE
CHEVROLET	CAPRICE CLASSIC	AA
CHEVROLET	CAPRICE CLASSIC	AC
CHEVROLET	CAPRICE CLASSIC	AD
CHEVROLET	CAPRICE CLASSIC	AE
CHEVROLET	CAPRICE CLASSIC BROUGHAM	AA
CHEVROLET	CAPTIVA	AC
CHEVROLET	CAPTIVA	AF
CHEVROLET	CG 21305	BB
CHEVROLET	CG 31305	BB
CHEVROLET	CG21405 CHEVY STARCRAFT	BB
CHEVROLET	CHEVELLE	AA
CHEVROLET	CHEVELLE	AD
CHEVROLET	CHEVELLE MALIBU	AA
CHEVROLET	CHEVELLE MALIBU	AD
CHEVROLET	CHEVELLE SS	AD
CHEVROLET	CHEVROLET	BB
CHEVROLET	CHEVROLET	BE
CHEVROLET	CHEVROLET	SA
CHEVROLET	CHEVY	AC
CHEVROLET	CHEVY	AF
CHEVROLET	CHEVY	BB
CHEVROLET	CHEVY	SA
CHEVROLET	CHEVY G20	SA
CHEVROLET	CHEVY GLOBEMASTER	BB
CHEVROLET	CHEVY GLOBEMASTER	SA
CHEVROLET	CHEVY STARCRAFT	BB
CHEVROLET	CHEVY STARCRAFT	SA
CHEVROLET	CHEVY STARCRAFT D	BB
CHEVROLET	CHEVY WINNEBAGO	SA
CHEVROLET	CHEVYVAN	BB
CHEVROLET	CHEVYVAN	SA
CHEVROLET	CHEYENNE	BE
CHEVROLET	CHEYENNE HIGH COUNTRY	BE
CHEVROLET	CHEYENNE SUPER	BE
CHEVROLET	COLORADO	BE
CHEVROLET	CORSICA	AA
CHEVROLET	CORVAIR MONZA	AE
CHEVROLET	CORVETTE	AD
CHEVROLET	CORVETTE	AE
CHEVROLET	CORVETTE C1	AE
CHEVROLET	CORVETTE C3	AD
CHEVROLET	CORVETTE CABRIOLET	AE
CHEVROLET	CORVETTE COUPE	AD
CHEVROLET	CORVETTE STING RAY	AD
CHEVROLET	CORVETTE STING RAY	AE
CHEVROLET	CORVETTE STINGRAY	AD
CHEVROLET	CORVETTE STINGRAY	AE
CHEVROLET	CORVETTE STINGRAY CABRIOLET	AE
CHEVROLET	CORVETTE Z06	AD
CHEVROLET	CORVETTE ZRI	AA
CHEVROLET	CRUZE	AA
CHEVROLET	CRUZE	AB
CHEVROLET	CRUZE	AC
CHEVROLET	CUSTOM	BE
CHEVROLET	EL CAMINO	AD
CHEVROLET	EL CAMINO	BE
CHEVROLET	EPICA	AA
CHEVROLET	EQUINOX	AC
CHEVROLET	EVANDA	AA
CHEVROLET	EXPLORER	SA
CHEVROLET	EXPRESS	BB
CHEVROLET	EXPRESS	SA
CHEVROLET	EXPRESS 3500	BB
CHEVROLET	EXPRESS G2500	BB
CHEVROLET	G20	AF
CHEVROLET	G20	BB
CHEVROLET	G20	SA
CHEVROLET	HHR	AC
CHEVROLET	IMPALA	AA
CHEVROLET	IMPALA	AC
CHEVROLET	IMPALA	AD
CHEVROLET	IMPALA	AE
CHEVROLET	IMPALA SS	AA
CHEVROLET	IMPALA SS	AD
CHEVROLET	K1500	BE
CHEVROLET	K30 PICK UP	BE
CHEVROLET	KALOS	AA
CHEVROLET	KALOS	AB
CHEVROLET	LACETTI	AB
CHEVROLET	LUMINA	AA
CHEVROLET	MALIBU	AA
CHEVROLET	MALIBU	AC
CHEVROLET	MALIBU	AD
CHEVROLET	MALIBU CLASSIC	AA
CHEVROLET	MALIBU CLASSIC	AC
CHEVROLET	MALIBU CLASSIC	AD
CHEVROLET	MASTER	AA
CHEVROLET	MATIZ	AB
CHEVROLET	MONTE CARLO	AA
CHEVROLET	MONTE CARLO	AD
CHEVROLET	NOVA	AA
CHEVROLET	NOVA	AD
CHEVROLET	NUBIRA	AA
CHEVROLET	NUBIRA	AC
CHEVROLET	ORLANDO	AC
CHEVROLET	PANEL	BB
CHEVROLET	PICK UP	BE
CHEVROLET	PICK-UP	BE
CHEVROLET	S10	BE
CHEVROLET	S10 EXT.CAB FLEETSIDE P-U	BE
CHEVROLET	S10 PICK UP	BE
CHEVROLET	SCOTTSDALE	BE
CHEVROLET	SILVERADO	BE
CHEVROLET	SILVERADO HIGH COUNTRY	BE
CHEVROLET	SILVERADO TRAIL BOSS	BE
CHEVROLET	SILVERADO ZR2	BE
CHEVROLET	SPARK	AB
CHEVROLET	SPORT	BB
CHEVROLET	SPORT	SA
CHEVROLET	SPORTVAN	AC
CHEVROLET	SPORTVAN	AF
CHEVROLET	SPORTVAN	BB
CHEVROLET	SPORTVAN	SA
CHEVROLET	SSR	BE
CHEVROLET	STARCRAFT	SA
CHEVROLET	STYLELINE	AA
CHEVROLET	SUBURBAN	AC
CHEVROLET	SUBURBAN	AF
CHEVROLET	SUBURBAN	BB
CHEVROLET	SUBURBAN SILVERADO	AC
CHEVROLET	SURBURBAN	AC
CHEVROLET	T10 BLAZER	AC
CHEVROLET	T10506 4-DOOR BLAZER	AC
CHEVROLET	T15506-TRAILBLAZER 4-DOOR UTILITY	AF
CHEVROLET	T15506-TRAILBLAZER-4WD 4-DOOR UTULITY	AF
CHEVROLET	TACUMA	AC
CHEVROLET	TAHOE	AC
CHEVROLET	TAHOE	AF
CHEVROLET	TAHOE	BB
CHEVROLET	TAHOE 4 DOOR	AF
CHEVROLET	TAHOE 4 DOOR	BB
CHEVROLET	TRANS	AF
CHEVROLET	TRAX	AC
CHEVROLET	TRAX	AF
CHEVROLET	UPLANDER	AC
CHEVROLET	VOLT	AB
CHEVROLET-ITASCA	C25C	SA
CHRYSLER	300	AA
CHRYSLER	300	AD
CHRYSLER	300 C	AA
CHRYSLER	300C	AA
CHRYSLER	300C	AB
CHRYSLER	300C SRT8	AA
CHRYSLER	300C SRT8	AB
CHRYSLER	300M	AA
CHRYSLER	ASPEN	AC
CHRYSLER	CHEROKEE	AC
CHRYSLER	CORDOBA	AD
CHRYSLER	CROSSFIRE	AD
CHRYSLER	CROSSFIRE	AE
CHRYSLER	DODGE RAM	BE
CHRYSLER	ES	AB
CHRYSLER	GRAND VOYAGER	AC
CHRYSLER	GRAND VOYAGER	AF
CHRYSLER	GRAND VOYAGER	BB
CHRYSLER	GRAND VOYAGER AT LR	BB
CHRYSLER	GRAND VOYAGER AUT.VAN	BB
CHRYSLER	GRAND VOYAGER LE	AC
CHRYSLER	GS 2	AD
CHRYSLER	IMPERIAL	AA
CHRYSLER	IMPERIAL LE BARON	AA
CHRYSLER	JEEP WRANGLER	AE
CHRYSLER	LE BARON	AE
CHRYSLER	LE BARON CABRIOLET	AE
CHRYSLER	LEBARON CABRIOLET	AE
CHRYSLER	NEON	AA
CHRYSLER	NEW YORKER	AA
CHRYSLER	NEWPORT	AA
CHRYSLER	NEWPORT	AD
CHRYSLER	PACIFICA	AC
CHRYSLER	PACIFICA	AF
CHRYSLER	PACIFICA	SD
CHRYSLER	PT CRUISER	AB
CHRYSLER	PT CRUISER	AC
CHRYSLER	PT CRUISER	AE
CHRYSLER	PT CRUISER	BB
CHRYSLER	RAM	BB
CHRYSLER	RAM	BE
CHRYSLER	RAM HIGH ROOF	BB
CHRYSLER	RAM LARAMIE	BE
CHRYSLER	SARATOGA AUT.U9	AA
CHRYSLER	SEBRING	AA
CHRYSLER	SEBRING	AE
CHRYSLER	SEBRING CABRIOLET	AE
CHRYSLER	STRATUS	AA
CHRYSLER	STRATUS	AE
CHRYSLER	TOWN & COUNTRY	AC
CHRYSLER	TOWN & COUNTRY	AF
CHRYSLER	TOWN &AMP	AC
CHRYSLER	TOWN AND COUNTRY	AF
CHRYSLER	TOWN COUNTRY	AC
CHRYSLER	TOWN COUNTRY	AF
CHRYSLER	TOWN EN COUNTRY	AC
CHRYSLER	TOWN&COUNTRY	AC
CHRYSLER	TOWN&COUNTRY	AF
CHRYSLER	VIPER	AE
CHRYSLER	VOYAGER	AC
CHRYSLER	VOYAGER	AF
CHRYSLER	VOYAGER	BB
CHRYSLER	VOYAGER AUT.U9	AC
CHRYSLER	VOYAGER HIGH ROOF	BB
CHRYSLER	VOYAGER LE	AC
CHRYSLER	VOYAGER TD	AC
CHRYSLER	WINDSOR	AA
CI	ELLIOT P	SA
CI	HORON	SA
CI	MAGIS XT	SA
CITROEN	11	AA
CITROEN	11 B	AA
CITROEN	11 BL	AA
CITROEN	11 NORMAAL	AA
CITROEN	15 SIX	AA
CITROEN	1600	BB
CITROEN	1600	SA
CITROEN	2 CV	AA
CITROEN	2 CV	AB
CITROEN	2 CV	AE
CITROEN	2 CV 6	AA
CITROEN	2 CV 6	AE
CITROEN	2 CV 6 CHARLESTON	AA
CITROEN	2 CV 6 CLUB	AA
CITROEN	230	SA
CITROEN	230 L	SA
CITROEN	244 L	SA
CITROEN	250	BB
CITROEN	280 L	SA
CITROEN	290	SA
CITROEN	290 G	SA
CITROEN	2CV	AA
CITROEN	2CV	AB
CITROEN	2CV	AC
CITROEN	2CV	AE
CITROEN	2CV	BB
CITROEN	400	BB
CITROEN	ACADIANE	AC
CITROEN	ACADIANE	BB
CITROEN	AK	AC
CITROEN	AK	BB
CITROEN	AK SERIE B	BB
CITROEN	AK-AK	BB
CITROEN	AK3ST	BB
CITROEN	AK3STL	BB
CITROEN	AK400	BB
CITROEN	AKS	AC
CITROEN	AMI 6	AA
CITROEN	AMI 6	AC
CITROEN	AMI 6 CLUB	AC
CITROEN	AMI 8	AA
CITROEN	AMI 8	AC
CITROEN	AMI-8	AA
CITROEN	AMI-8-BREAK	AC
CITROEN	AU5FT	BB
CITROEN	AX	AB
CITROEN	AX E NL	AB
CITROEN	AX ESCAPADE	AB
CITROEN	AX FIRST	AB
CITROEN	AX FIRST IMPRESSION	AB
CITROEN	AX IMAGE	AB
CITROEN	AX RE	AB
CITROEN	AX SPOT	AB
CITROEN	AX TGE	AB
CITROEN	AX TGS	AB
CITROEN	AX VOLCANE	AB
CITROEN	AXEL	AB
CITROEN	AXEL TRS	AB
CITROEN	AYA2 A DYANE	AA
CITROEN	AZ	AA
CITROEN	AZ	AB
CITROEN	AZ	AE
CITROEN	AZ 4 BL 2 CV 4	AA
CITROEN	AZ2CH	AA
CITROEN	AZU	AC
CITROEN	AZU	BB
CITROEN	AZU SERIE B	BB
CITROEN	BERLINGO	AC
CITROEN	BERLINGO	AF
CITROEN	BERLINGO	BB
CITROEN	BERLINGO 2 KW	BB
CITROEN	BERLINGO 5	BB
CITROEN	BERLINGO GNV	BB
CITROEN	BURTON	AE
CITROEN	BX	AA
CITROEN	BX	AB
CITROEN	BX	AC
CITROEN	BX CANNES INJ.U9	AB
CITROEN	BX DEAUVILLE	AB
CITROEN	BX INJ	AB
CITROEN	BX PROGRESS	AB
CITROEN	BX RD	AC
CITROEN	BX RE	AB
CITROEN	BX TE	AB
CITROEN	BX TGD	AC
CITROEN	BX TOULOUSE	AB
CITROEN	BX TRD	AB
CITROEN	BX TRI	AB
CITROEN	BX TRS	AB
CITROEN	BX TRS	AC
CITROEN	BX TZD	AB
CITROEN	BX TZI	AB
CITROEN	BX TZI	AC
CITROEN	BX VALVE	AB
CITROEN	C D POLY	SA
CITROEN	C INJ	BB
CITROEN	C-CROSSER	AC
CITROEN	C-CROSSER	AF
CITROEN	C-CROSSER	BB
CITROEN	C-ELYSEE	AA
CITROEN	C-ZERO	AF
CITROEN	C1	AB
CITROEN	C2	AB
CITROEN	C25	SA
CITROEN	C25 G50	SA
CITROEN	C25D	SA
CITROEN	C3	AB
CITROEN	C3 14I	AB
CITROEN	C3 AIRCROSS	AF
CITROEN	C3 PICASSO	AC
CITROEN	C3 PICASSO	AF
CITROEN	C3 PLURIEL	AE
CITROEN	C4	AB
CITROEN	C4 AIRCROSS	AF
CITROEN	C4 CACTUS	AB
CITROEN	C4 PICASSO	AC
CITROEN	C4 PICASSO	AF
CITROEN	C4 SPACETOURER	AC
CITROEN	C4 SPACETOURER	AF
CITROEN	C4 X	AA
CITROEN	C4X	AA
CITROEN	C5	AA
CITROEN	C5	AB
CITROEN	C5	AC
CITROEN	C5 AIRCROSS	AF
CITROEN	C5 SERVICE	BB
CITROEN	C5 X	AC
CITROEN	C6	AA
CITROEN	C8	AF
CITROEN	CHARON	AE
CITROEN	CITROEN	BB
CITROEN	CITROEN	SA
CITROEN	CLEVER	SA
CITROEN	CX	AA
CITROEN	CX	AB
CITROEN	CX	AC
CITROEN	CX 2	AA
CITROEN	CX CROISETTE	AA
CITROEN	CX PALLAS	AA
CITROEN	CX PALLAS 1E	AA
CITROEN	CX PRESTIGE	AA
CITROEN	CX PRESTIGE 2	AA
CITROEN	CX RD	AA
CITROEN	CX RD	AC
CITROEN	CX RE	AA
CITROEN	CX RE	AC
CITROEN	CX TRD	AA
CITROEN	CX TRD 2	AA
CITROEN	CX TRE	AA
CITROEN	CX TRI	AC
CITROEN	CX TRS	AA
CITROEN	CX-2000	AA
CITROEN	CX20	AA
CITROEN	CYGNUS	AE
CITROEN	D SUPER	AA
CITROEN	D16BC DSUPER 5	AA
CITROEN	DE 1 BC DS INJ	AA
CITROEN	DE1BP DS INJ PALLAS	AA
CITROEN	DS	AA
CITROEN	DS	AE
CITROEN	DS 3	AB
CITROEN	DS 4	AB
CITROEN	DS CABRIOLET	AE
CITROEN	DS PALLAS	AA
CITROEN	DS20	AA
CITROEN	DS21	AA
CITROEN	DS3	AB
CITROEN	DS3 CABRIOLET	AB
CITROEN	DS3 RACING	AB
CITROEN	DS4	AB
CITROEN	DS4BC DS20	AA
CITROEN	DS5	AB
CITROEN	DS5	AF
CITROEN	DYANE	AA
CITROEN	DYANE	AB
CITROEN	DYANE 6	AA
CITROEN	DYANE 6	AB
CITROEN	DYANE 6	AE
CITROEN	DYANE 6 B	AB
CITROEN	DYANE 6-400	AC
CITROEN	E-BERLINGO	AF
CITROEN	E-BERLINGO	BB
CITROEN	E-C3	AB
CITROEN	E-C3 AIRCROSS	AF
CITROEN	E-C4	AB
CITROEN	E-C4 X	AA
CITROEN	E-MEHARI	AE
CITROEN	E.JUMPER	BB
CITROEN	EG DG	SA
CITROEN	EG DG001	SA
CITROEN	EVASION	AF
CITROEN	GLOBEVAN	SA
CITROEN	GLOBEVAN 1	SA
CITROEN	GS CLUB	AA
CITROEN	GS CLUB	AC
CITROEN	GS PALLAS	AA
CITROEN	GSA	AB
CITROEN	H78 HY78	SA
CITROEN	HB2AS	BB
CITROEN	HB2AS	SA
CITROEN	HY	AC
CITROEN	HY	BB
CITROEN	HY	BE
CITROEN	HY	SA
CITROEN	HY72	BB
CITROEN	HY72	SA
CITROEN	HY78	SA
CITROEN	HZ	BB
CITROEN	ID	AA
CITROEN	ID 19B	AA
CITROEN	ID B	AA
CITROEN	ID F	AC
CITROEN	ID P	AA
CITROEN	ID20F	AC
CITROEN	JUMPER	BB
CITROEN	JUMPER	SA
CITROEN	JUMPER 27C	BB
CITROEN	JUMPER 27C	SA
CITROEN	JUMPER 27CH	SA
CITROEN	JUMPER 27CS	SA
CITROEN	JUMPER 29C	BB
CITROEN	JUMPER 29C	SA
CITROEN	JUMPER 29CS	BB
CITROEN	JUMPER 29CS	SA
CITROEN	JUMPER 29M	BB
CITROEN	JUMPER 31LH	SA
CITROEN	JUMPER 31MH	SA
CITROEN	JUMPER 32LH	SA
CITROEN	JUMPER 32MH	SA
CITROEN	JUMPER 33LH	SA
CITROEN	JUMPER 33M	BB
CITROEN	JUMPER 33MH	BB
CITROEN	JUMPER 33MH	SA
CITROEN	JUMPER 35+ L2H2	BB
CITROEN	JUMPER 35+ L2H2	SA
CITROEN	JUMPER 35+ L3H2	BB
CITROEN	JUMPER 35+ L3H2	SA
CITROEN	JUMPER 35LH	BB
CITROEN	JUMPER 35LH	SA
CITROEN	JUMPER 35MH	SA
CITROEN	JUMPER L1H1	BB
CITROEN	JUMPER L1H1	SA
CITROEN	JUMPER L1H1 0	BB
CITROEN	JUMPER L2H1	BB
CITROEN	JUMPER L2H1	SA
CITROEN	JUMPER L2H1 0	BB
CITROEN	JUMPER L2H2	BB
CITROEN	JUMPER L2H2	SA
CITROEN	JUMPER L2H2 0	BB
CITROEN	JUMPER L2H2 0	SA
CITROEN	JUMPER L3H2	BB
CITROEN	JUMPER L3H2	SA
CITROEN	JUMPER MULTICAB	BB
CITROEN	JUMPER MULTICAB	SA
CITROEN	JUMPER ODER RELAY	BB
CITROEN	JUMPER ODER RELAY	SA
CITROEN	JUMPER POLY	BB
CITROEN	JUMPY	AF
CITROEN	JUMPY	BB
CITROEN	JUMPY D	BB
CITROEN	JUMPY L1H1	BB
CITROEN	JUMPY L1H1	SA
CITROEN	JUMPY L2H1	BB
CITROEN	JUMPY L2H1	SA
CITROEN	JUMPY L2H2	BB
CITROEN	JUMPY L2H2	SA
CITROEN	JUMPY SPACETOURER	AF
CITROEN	JUMPY W3	BB
CITROEN	LE PATRON	AE
CITROEN	LOMAX	AE
CITROEN	MEHARI	AE
CITROEN	MEHARI	BE
CITROEN	MEHARI 2+2	AE
CITROEN	MF8KC AMI 8	AC
CITROEN	NEMO	AF
CITROEN	NEMO	BB
CITROEN	NEMO SENSODRIVE	BB
CITROEN	POSSL	SA
CITROEN	S0HDZF	AB
CITROEN	S0KFXF	AB
CITROEN	S1HDZF	AB
CITROEN	S1KFXF	AB
CITROEN	S6NFXF	AB
CITROEN	SAXO	AB
CITROEN	SE 1 CC SM INJ	AD
CITROEN	SM	AA
CITROEN	SM	AB
CITROEN	SM	AD
CITROEN	SPACETOURER	AF
CITROEN	TRACTION	AA
CITROEN	TRACTION 11BL	AA
CITROEN	VISA	AB
CITROEN	VISA CLUB	AB
CITROEN	VISA RD	AB
CITROEN	VISA RE	AB
CITROEN	VISA RE OPEN KAP	AA
CITROEN	VISA RE S 6	AB
CITROEN	VISA TRS	AB
CITROEN	XANTIA	AA
CITROEN	XANTIA	AB
CITROEN	XANTIA	AC
CITROEN	XANTIA AUTOM	AB
CITROEN	XANTIA TENTATION	AB
CITROEN	XANTIA X	AB
CITROEN	XM	AB
CITROEN	XM	AC
CITROEN	XM AUT.U9	AB
CITROEN	XM AUTOM	AB
CITROEN	XM CT	AB
CITROEN	XM CT VSX	AB
CITROEN	XM D12	AB
CITROEN	XSARA	AB
CITROEN	XSARA	AC
CITROEN	XSARA PICASSO	AB
CITROEN	XSARA PICASSO	AF
CITROEN	YM6DM MEHARI	AE
CITROEN	YM6DM MEHARI	BE
CITROEN	YM6PM MEHARI 2+2	AE
CITROEN	ZX	AB
CITROEN	ZX	AC
CITROEN	ZX AURA	AB
CITROEN	ZX AVANTAGE	AB
CITROEN	ZX AVORIAZ	AB
CITROEN	ZX REFLEX	AB
CITROEN	ZX REFLEX	AC
CITROEN-DS	C3	AB
CMS AUTO	SPRINTER	CA
COMMER	KAH 3023	SA
COMMER	KAL 4023	SA
CONCORDE	CARVER	SA
CONCORDE	CARVER L	SA
CONCORDE	CHARISMA	SA
CONCORDE	CHARISMA 3	SA
CONCORDE	CHARISMA L	SA
CONCORDE	CHARISMA LI	SA
CRISTALL	CAROTEL H	SA
CS	INDEPENDENT	SA
CUPRA	ATECA	AC
CUPRA	BORN	AC
CUPRA	BORN KWH	AC
CUPRA	FORMENTOR	AC
CUPRA	FORMENTOR VZ	AC
CUPRA	LEON	AC
CUPRA	LEON E-HYBRID150	AC
CUPRA	LEON E-HYBRID180	AC
CUPRA	LEON E-HYBRID200	AC
CUPRA	LEON SP	AC
CUPRA	LEON SP E-HYBRID150	AC
CUPRA	LEON SP E-HYBRID180	AC
CUPRA	LEON SP E-HYBRID200	AC
CUPRA	RAVAL	AC
CUPRA	TAVASCAN	AC
CUPRA	TERRAMAR	AC
DACIA	BIGSTER	AB
DACIA	DOKKER	AC
DACIA	DOKKER	BB
DACIA	DUSTER	AB
DACIA	DUSTER	AC
DACIA	JOGGER	AC
DACIA	LODGY	AC
DACIA	LOGAN	AA
DACIA	LOGAN	AC
DACIA	LOGAN	AF
DACIA	LOGAN PICK-UP	BB
DACIA	SANDERO	AB
DACIA	SPRING	AB
DAEWOO	ESPERO CD	AA
DAEWOO	EVANDA	AA
DAEWOO	KALOS	AA
DAEWOO	KALOS	AB
DAEWOO	LACETTI	AB
DAEWOO	LANOS	AA
DAEWOO	LANOS	AB
DAEWOO	LEGANZA	AA
DAEWOO	MATIZ	AB
DAEWOO	NEXIA	AA
DAEWOO	NEXIA	AB
DAEWOO	NUBIRA	AA
DAEWOO	NUBIRA	AB
DAEWOO	NUBIRA	AC
DAEWOO	TACUMA	AC
DAF	31 DAFFODIL	AA
DAF	32 DAFFODIL	AA
DAF	33	AA
DAF	33 OF 3302 OF 3303	AA
DAF	3303	AA
DAF	3305	BB
DAF	33B OF 3305	BB
DAF	44	AA
DAF	4422	AA
DAF	4621	AA
DAF	4623	AA
DAF	55	AA
DAF	55	AE
DAF	55 T	AD
DAF	600	AA
DAF	66	AD
DAF	66 KOERIER	AE
DAF	66 YA	AE
DAF	6623	AA
DAF	6624	AD
DAF	6645	AA
DAF	6646	AD
DAF	750	AA
DAF	AE	BB
DAF	AE CE	BB
DAF	AE NC	BB
DAF	AE04ET	BB
DAF	AE45BF	BB
DAF	AE45CE	BB
DAF	AE45CF	BB
DAF	AE45LF	BB
DAF	AE47WS	BB
DAF	AE47XS	BB
DAF	AE55CF	BB
DAF	AE64NT	BB
DAF	AE65CC	BB
DAF	AE65NC	BB
DAF	AE75PC	BB
DAF	AE75RC	BB
DAF	CF FA	BB
DAF	CF FA	BE
DAF	CF FAN	BB
DAF	CF FAN	BE
DAF	CF FAQ	BE
DAF	CF FAX	BE
DAF	DAFFODIL	AA
DAF	FA CF	BB
DAF	FA CF65	BB
DAF	FA CF65	BE
DAF	FA CF75	BB
DAF	FA CF85	BB
DAF	FA DF	BB
DAF	FA DT	BB
DAF	FA LF45	BB
DAF	FA LF45 E08	BB
DAF	FA LF45 G08	BB
DAF	FA LF45 G12	BB
DAF	FA LF45G08	BB
DAF	FA LF45G12	BB
DAF	FA LF45G12	BE
DAF	FA LF55	BB
DAF	FA LF55G12	BB
DAF	FA XF	BB
DAF	FA XF105	BB
DAF	FA-LF45	BB
DAF	FALF45220G12	BB
DAF	FAN 6X2 WSG	BE
DAF	FAN CF	BB
DAF	FAN CF75	BB
DAF	FAN CF85	BB
DAF	LF FA	BB
DAF	LF FA	BE
DAF	MB DKDL	BB
DAF	MB DKDL	CA
DAF	MB200DKDL600	CA
DAF	MB200DKDL600	SA
DAF	SB DKDL	CA
DAF	VH EN	BB
DAF	VH ET	BB
DAF	VH ET	SA
DAF	VS EN	BB
DAF	XB FA	BB
DAF	XB FA	BE
DAF	XD FA	BB
DAF	XD FAN	BB
DAF	XD FAN	BE
DAF	XF FA	BB
DAF	XF FA	BE
DAF	XF FAN	BB
DAF	XF FAN	BE
DAF	XF FAR	BB
DAF	XF FAR	BE
DAF	XF FAS	BE
DAF	XF FAX	BE
DAF	XG FA	BB
DAF	XG FT	BE
DAF	XG+ FA	BB
DAF	YA	AE
DAF	YA	BB
DAF	YA 3 5	BB
DAF	YA CABRIOLET	AE
DAF	YA126	AE
DAF	YA126	BB
DAF	YA66	AE
DAF BUS	SB	CA
DAIHATSU	APPLAUSE	AB
DAIHATSU	APPLAUSE LI	AB
DAIHATSU	APPLAUSE XI	AB
DAIHATSU	CHARADE	AA
DAIHATSU	CHARADE	AB
DAIHATSU	CHARADE	BB
DAIHATSU	CHARADE CS	AB
DAIHATSU	CHARADE DAIMATIC	AB
DAIHATSU	CHARADE GT-TI	AB
DAIHATSU	CHARADE TS-5	AB
DAIHATSU	CHARADE TX	AB
DAIHATSU	CHARMANT LC	AA
DAIHATSU	COPEN	AE
DAIHATSU	CUORE	AB
DAIHATSU	CUORE CHARADE MIRA	AB
DAIHATSU	CUORE CHARADE OD.MIRA	AB
DAIHATSU	FEROZA CABRIOTOP	AE
DAIHATSU	FEROZA RESIN-TOP EL-INJ	BB
DAIHATSU	FEROZA RESIN-TOP EL-INJECTION	AC
DAIHATSU	FEROZA RESINTOP	AC
DAIHATSU	FEROZA RESINTOP	BB
DAIHATSU	FEROZA RESINTOP II	AC
DAIHATSU	FEROZA RESINTOP II INJ	BB
DAIHATSU	FEROZA RESINTOP INJ	AC
DAIHATSU	FEROZA RESINTOP INJ	BB
DAIHATSU	GRAN MOVE	AF
DAIHATSU	HIJET	BB
DAIHATSU	MATERIA	AB
DAIHATSU	MOVE	AC
DAIHATSU	ROCKY	AC
DAIHATSU	ROCKY	BB
DAIHATSU	ROCKY SOFTTOP	BB
DAIHATSU	SIRION	AB
DAIHATSU	TAFT	BB
DAIHATSU	TERIOS	AC
DAIHATSU	TREVIS	AB
DAIHATSU	VALERA	AA
DAIHATSU	YRV	AC
DAIMLER	DAIMLER	AA
DAIMLER	DOUBLE SIX	AA
DAIMLER	DOUBLE SIX VANDEN PLAS	AA
DAIMLER	EIGHT	AA
DAIMLER	SIX	AA
DAIMLER	SOVEREIGN	AA
DAIMLER	SOVEREIGN L	AA
DAIMLER	SP	AE
DAIMLER	SUPER	AA
DAIMLER	V8	AA
DAIMLER BENZ	190	AA
DAIMLER BENZ	190 D	AA
DAIMLER BENZ	190 E	AA
DAIMLER BENZ	200	AA
DAIMLER BENZ	200 D	AA
DAIMLER BENZ	230 E	AA
DAIMLER BENZ	230 TE	AC
DAIMLER BENZ	250 D	AA
DAIMLER BENZ	300 D	AA
DAIMLER BENZ	310	AF
DAIMLERCHRYSLER (USA)	CROSSFIRE	AD
DAIMLERCHRYSLER (USA)	CROSSFIRE	AE
DAIMLERCHRYSLER (USA)	JEEP WRANGLER	AE
DAIMLERCHRYSLER AG	CLK	AD
DAIMLERCHRYSLER AG	CLK	AE
DAIMLERCHRYSLER AG	CLS	AA
DAIMLERCHRYSLER AG	E AMG	AA
DAIMLERCHRYSLER AG	G AMG	AC
DAIMLERCHRYSLER AG	ML	AC
DAIMLERCHRYSLER AG	ML	AF
DAIMLERCHRYSLER AG	SL	AE
DAIMLERCHRYSLER AG	SL AMG	AE
DAIMLERCHRYSLER AG	SLK	AE
DANGEL	COMBO	BB
DANGEL	JUMPY	BB
DATSUN	240 Z	AD
DATSUN	240Z	AD
DATSUN	260 Z	AD
DATSUN	280 Z	AD
DATSUN	280 ZX	AD
DATSUN	280Z	AD
DATSUN	PATROL	AC
DATSUN	PATROL	BB
DAX	RUSH	AE
DAX	SPORTS	AE
DAX	TOJEIRO	AE
DAX COBRA	TOJEIRO	AE
DE LOREAN	DMC	AD
DE LOREAN	DMC-12	AD
DE TOMASO	PANTERA	AD
DEEPAL	S05	AC
DEEPAL	S07	AC
DEN OUDSTEN	B95	CA
DERCKS	ALKO	SA
DETHLEFFS	A 5430	SA
DETHLEFFS	A 5431	SA
DETHLEFFS	A 5830	SA
DETHLEFFS	A 5831	SA
DETHLEFFS	A 5880	SA
DETHLEFFS	A 5881	SA
DETHLEFFS	A 6880	SA
DETHLEFFS	A 6881	SA
DETHLEFFS	ADVANTAGE T 6611	SA
DETHLEFFS	ADVANTAGE T 7051	SA
DETHLEFFS	AS 5439	SA
DETHLEFFS	AS 5889	SA
DETHLEFFS	B 5240	SA
DETHLEFFS	CAMPSCOUT	SA
DETHLEFFS	CROSSCAMP OP	SA
DETHLEFFS	CROSSCAMP TY	SA
DETHLEFFS	FOR2	SA
DETHLEFFS	FORTUNA	SA
DETHLEFFS	GLOBE S-T	SA
DETHLEFFS	GLOBEBUS	SA
DETHLEFFS	GLOBEBUS 1	SA
DETHLEFFS	GLOBEBUS 2	SA
DETHLEFFS	GLOBEBUS CAMP T004	SA
DETHLEFFS	GLOBEBUS GO T45	SA
DETHLEFFS	GLOBEBUS GT-I	SA
DETHLEFFS	GLOBEBUS GT-T	SA
DETHLEFFS	GLOBEBUS I	SA
DETHLEFFS	GLOBEBUS I003	SA
DETHLEFFS	GLOBEBUS T	SA
DETHLEFFS	GLOBEBUS T001	SA
DETHLEFFS	GLOBEBUS T002	SA
DETHLEFFS	GLOBECAR	SA
DETHLEFFS	GLOBECAR GLOBESCOUT	SA
DETHLEFFS	GLOBELINE T 6613	SA
DETHLEFFS	GLOBER A	SA
DETHLEFFS	GLOBESCOUT	SA
DETHLEFFS	GLOBEVAN	SA
DETHLEFFS	H 5940	SA
DETHLEFFS	H 5970	SA
DETHLEFFS	H 6945	SA
DETHLEFFS	H 6975	SA
DETHLEFFS	I 5801	SA
DETHLEFFS	I 5830	SA
DETHLEFFS	I 5841	SA
DETHLEFFS	I 5940	SA
DETHLEFFS	I 5942	SA
DETHLEFFS	I 6501 B	SA
DETHLEFFS	I 6571	SA
DETHLEFFS	I 6611	SA
DETHLEFFS	I 6810	SA
DETHLEFFS	I 7051	SA
DETHLEFFS	I 7150	SA
DETHLEFFS	JUBIVAN	SA
DETHLEFFS	JUST GO T7055 EB	SA
DETHLEFFS	JUST T 6812	SA
DETHLEFFS	JUST T 7052 EB DBM	SA
DETHLEFFS	JUST T 7052 EBL DBL	SA
DETHLEFFS	JUST T6812 EB	SA
DETHLEFFS	JUST T7052 DBL EBL	SA
DETHLEFFS	JUST T7052 DBM EB	SA
DETHLEFFS	KW 9	SA
DETHLEFFS	KW T	SA
DETHLEFFS	KW603 CVD 590C	SA
DETHLEFFS	MAGIC	SA
DETHLEFFS	MAGIC BM T	SA
DETHLEFFS	MAGIC I	SA
DETHLEFFS	MAGIC T	SA
DETHLEFFS	MAGIC T 7151-4	SA
DETHLEFFS	POSSL 2WIN	SA
DETHLEFFS	POSSL DUETT	SA
DETHLEFFS	PULSE I 7051 DBL EBL	SA
DETHLEFFS	PULSE I 7051 DBM EB	SA
DETHLEFFS	PULSE SOMO T 7051 DBM EB	SA
DETHLEFFS	PULSE T 6811	SA
DETHLEFFS	PULSE T 6811 EB	SA
DETHLEFFS	PULSE T 7051	SA
DETHLEFFS	PULSE T 7051 DBL EBL	SA
DETHLEFFS	PULSE T 7051 DBM EB	SA
DETHLEFFS	PULSESOMO T7051 DBL EBL	SA
DETHLEFFS	PULSESOMO T7051 DBM EB	SA
DETHLEFFS	ROADMASTER L	SA
DETHLEFFS	RT 6204	SA
DETHLEFFS	RT 6244	SA
DETHLEFFS	RT 6614	SA
DETHLEFFS	RT 6844	SA
DETHLEFFS	RT 6874	SA
DETHLEFFS	RT 7014	SA
DETHLEFFS	RT 7094	SA
DETHLEFFS	SUMMER	SA
DETHLEFFS	T 5701	SA
DETHLEFFS	T 5801	SA
DETHLEFFS	T 5841	SA
DETHLEFFS	T 5945	SA
DETHLEFFS	T 5975	SA
DETHLEFFS	T 6401-4	SA
DETHLEFFS	T 6501	SA
DETHLEFFS	T 6501 B	SA
DETHLEFFS	T 6511	SA
DETHLEFFS	T 6541	SA
DETHLEFFS	T 6561	SA
DETHLEFFS	T 6571	SA
DETHLEFFS	T 6611	SA
DETHLEFFS	T 6700	SA
DETHLEFFS	T 6700 EIGHTY	SA
DETHLEFFS	T 6701	SA
DETHLEFFS	T 6810	SA
DETHLEFFS	T 6810-2	SA
DETHLEFFS	T 6911-4	SA
DETHLEFFS	T 6951	SA
DETHLEFFS	T 7010	SA
DETHLEFFS	T 7013	SA
DETHLEFFS	T 7051	SA
DETHLEFFS	T 7090	SA
DETHLEFFS	T 7150	SA
DETHLEFFS	T 7150-2	SA
DETHLEFFS	T7055 EB JUST GO	SA
DETHLEFFS	TREND A 5887	SA
DETHLEFFS	TREND A 6977	SA
DETHLEFFS	TREND A 7877-2	SA
DETHLEFFS	TREND I 6717	SA
DETHLEFFS	TREND I 7057	SA
DETHLEFFS	TREND I 7057 DBL EBL	SA
DETHLEFFS	TREND I 7057 DBM EB	SA
DETHLEFFS	TREND ST 6617	SA
DETHLEFFS	TREND T 6557	SA
DETHLEFFS	TREND T 6617	SA
DETHLEFFS	TREND T 6717	SA
DETHLEFFS	TREND T 6757	SA
DETHLEFFS	TREND T 6757 DBL	SA
DETHLEFFS	TREND T 6857	SA
DETHLEFFS	TREND T 7017	SA
DETHLEFFS	TREND T 7057	SA
DETHLEFFS	TREND T 7057 DBL EBL	SA
DETHLEFFS	TREND T 7057 DBM EB	SA
DETHLEFFS	TREND T 7057 EB	SA
DETHLEFFS	TREND T6717	SA
DETHLEFFS	TREND T6757	SA
DETHLEFFS	TREND T7057	SA
DETHLEFFS	TRENDSCOUT	SA
DETHLEFFS	TS 6249	SA
DETHLEFFS	XL-I 7850-2	SA
DFSK	DFSK	AC
DFSK	K01H	BE
DFSK	SERES 3	AC
DODGE	1500	BE
DODGE	AVENGER	AA
DODGE	CALIBER	AB
DODGE	CALIBER SRT4	AB
DODGE	CHALLENGER	AA
DODGE	CHALLENGER	AD
DODGE	CHALLENGER R T	AD
DODGE	CHALLENGER SRT	AD
DODGE	CHALLENGER SRT 8	AD
DODGE	CHALLENGER SRT HELLCAT	AD
DODGE	CHALLENGER SRT-8	AD
DODGE	CHALLENGER SRT8	AD
DODGE	CHALLENGER SXT	AD
DODGE	CHARGER	AA
DODGE	CHARGER	AD
DODGE	CHARGER R T	AA
DODGE	CHARGER R T	AD
DODGE	CHARGER S E	AD
DODGE	CHARGER SRT-8	AA
DODGE	CORONET	AA
DODGE	CORONET	AD
DODGE	D100	BE
DODGE	D200	BE
DODGE	DAKOTA	BE
DODGE	DART	AA
DODGE	DART	AD
DODGE	DODGE	BE
DODGE	DODGE RAM	BE
DODGE	DURANGO	AC
DODGE	DURANGO	AF
DODGE	DURANGO	BB
DODGE	DURANGO R T	BB
DODGE	GRAND CARAVAN	AC
DODGE	GRAND CARAVAN	AF
DODGE	JOURNEY	AC
DODGE	JOURNEY	AF
DODGE	JOURNEY MT LR 5P	BB
DODGE	MAGNUM	AC
DODGE	MINI RAM	BB
DODGE	MINI RAM LONG	BB
DODGE	NITRO	AC
DODGE	NITRO	AF
DODGE	NITRO	BB
DODGE	NITRO AT LR	BB
DODGE	NITRO AT.AWD HR	BB
DODGE	NITRO MT.AWD HR	BB
DODGE	NITRO MT.RWD HR	BB
DODGE	POLARA	AA
DODGE	RAM	BB
DODGE	RAM	BE
DODGE	RAM 3500	BE
DODGE	RAM 5-SP	BB
DODGE	RAM BIG HORN	BE
DODGE	RAM CHARGER	AC
DODGE	RAM CLASSIC	BE
DODGE	RAM CREW	BE
DODGE	RAM E-TORQUE	BE
DODGE	RAM GLOBEMASTER	BB
DODGE	RAM GLOBEMASTER	SA
DODGE	RAM HIGH ROOF	BB
DODGE	RAM LARAMIE	BE
DODGE	RAM LARAMIE CREW	BE
DODGE	RAM LARAMIE L.H	BE
DODGE	RAM LONG HORN	BE
DODGE	RAM LONGHORN	BE
DODGE	RAM REBEL	BE
DODGE	RAM SLT	BE
DODGE	RAM ST	BE
DODGE	RAM TD	BB
DODGE	RAM TRX	BE
DODGE	RAM1500	BE
DODGE	RAM1500 TRX	BE
DODGE	STEALTH	AD
DODGE	VIPER	AE
DODGE	VIPER SRT-10	AE
DODGE	W200	BB
DODGE	W200	BE
DODGE	WC	AC
DODGE	WC	AE
DODGE	WC	BB
DODGE	WC51	AE
DODGE	WC52	AE
DODGE	WC56	AE
DONGFENG	BOX	AB
DONKERVOORT	D8	AE
DONKERVOORT	D8 COSWORTH	AE
DONKERVOORT	D8 ZETEC	AE
DONKERVOORT	D8-150	AE
DONKERVOORT	D8GTO	AE
DONKERVOORT	F22	AE
DONKERVOORT	GTO-JD70	AE
DONKERVOORT	GTO-RS	AE
DONKERVOORT	S8A	AE
DONKERVOORT	S8AT	AE
DONKERVOORT	SUPER EIGHT	AE
DREAMER	540	SA
DREAMER	COMPACT	SA
DS	3	AB
DS	3	AC
DS	3 CABRIOLET	AB
DS	3 CROSSBACK	AC
DS	4	AB
DS	5	AF
DS	7 CROSSBACK	AC
DS	9	AA
DS	DS3	AC
DS	DS3 CROSSBACK	AC
DS	DS4	AC
DS	DS5	AF
DS	DS7	AC
DS AUTOMOBILES	DS 3	AC
DS AUTOMOBILES	NO 8	AB
DUTTON	SPORTS	AE
EDWARD DAVIES COMMERCIALS	TRANSIT CUSTOM	BB
ELNAGH	BARON	SA
ELNAGH	KING	SA
ELNAGH	M150	SA
ELNAGH	M200	SA
ELNAGH	MAGNUM	SA
ELNAGH	P200	SA
ELNAGH	P250	SA
ELNAGH	T-LOFT	SA
ERIBA	CAR	SA
ETRUSCO	600 DB	SA
ETRUSCO	640 SB	SA
ETRUSCO	CV DF	SA
ETRUSCO	I6900 SB	SA
ETRUSCO	SR	SA
ETRUSCO	T SF	SA
ETRUSCO	T6900 SB	SA
ETRUSCO	T7300 SB	SA
ETRUSCO	T7400 QBC	SA
ETRUSCO	T7400 SB	SA
ETRUSCO	T7400 SBC	SA
ETRUSCO	V SCF	SA
ETRUSCO	V6600 SB	SA
EURA MOBIL	CONTURA	SA
EURA MOBIL	FORSTER A	SA
EURA MOBIL	FORSTER A VB	SA
EURA MOBIL	FORSTER T EB	SA
EURA MOBIL	IL EB	SA
EURA MOBIL	IL QB	SA
EURA MOBIL	INTEGRA	SA
EURA MOBIL	INTEGRA QB	SA
EURA MOBIL	PROFILA	SA
EURA MOBIL	PROFILA EB	SA
EURA MOBIL	PRS	SA
EURA MOBIL	PRS EB	SA
EURA MOBIL	PRS QB	SA
EURA MOBIL	PRS SB	SA
EURA MOBIL	PT EB	SA
EURA MOBIL	PT FB	SA
EURA MOBIL	PT QB	SA
EURA MOBIL	PT SB	SA
EURA MOBIL	QUIXTA FB	SA
EURA MOBIL	TERRESTRA	SA
EURA MOBIL	TT	SA
EURA MOBIL	TT EB	SA
EURA MOBIL	TT SB	SA
EXCALIBUR	PHAETON	AE
FARIZON	SV	BB
FARIZON	V7E	BB
FAW	E-HS9	AC
FAW	EHS9	AC
FAW	HONGQI EHS7	AC
FENDT	TI	SA
FERRARI	12CILINDRI	AD
FERRARI	12CILINDRI SPIDER	AE
FERRARI	250	AD
FERRARI	296	AE
FERRARI	296 GTB	AD
FERRARI	308	AD
FERRARI	308	AE
FERRARI	308 GTB	AD
FERRARI	308 GTB QUATTROVALVOLE	AD
FERRARI	308 QUATTROVALVOLE	AE
FERRARI	328	AE
FERRARI	328 GTB	AD
FERRARI	330 G T	AD
FERRARI	348	AD
FERRARI	348 TB	AD
FERRARI	355	AD
FERRARI	355 BERLINETTA	AD
FERRARI	360	AD
FERRARI	360	AE
FERRARI	360 MODENA	AD
FERRARI	360 MODENA SPIDER	AE
FERRARI	365 GTB 4	AD
FERRARI	400	AD
FERRARI	412	AA
FERRARI	430	AD
FERRARI	430	AE
FERRARI	430 SCUDERIA	AD
FERRARI	456	AD
FERRARI	458	AD
FERRARI	458	AE
FERRARI	488	AD
FERRARI	488	AE
FERRARI	488 GTB	AD
FERRARI	488 PISTA	AD
FERRARI	488 PISTA SPIDER	AE
FERRARI	488 SPIDER	AE
FERRARI	512 BB	AD
FERRARI	512 TR	AD
FERRARI	550	AD
FERRARI	575	AD
FERRARI	599	AD
FERRARI	599 GTB	AD
FERRARI	599 GTO	AD
FERRARI	612	AD
FERRARI	812	AE
FERRARI	812 COMPETIZIONE	AD
FERRARI	812 SUPERFAST	AD
FERRARI	CALIFORNIA	AE
FERRARI	CHALLENGE	AD
FERRARI	DINO	AD
FERRARI	DINO 4	AD
FERRARI	F ABM	AD
FERRARI	F12	AD
FERRARI	F355	AD
FERRARI	F355 BERLINETTA	AD
FERRARI	F355 SPIDER	AE
FERRARI	F40	AD
FERRARI	F8 SPIDER	AE
FERRARI	F8 TRIBUTO	AD
FERRARI	FF	AD
FERRARI	GTC4LUSSO	AD
FERRARI	LAFERRARI	AD
FERRARI	MONDIAL	AD
FERRARI	MONDIAL CABRIOLET	AE
FERRARI	MONDIAL QUATTROVALVOLE	AD
FERRARI	PORTOFINO	AE
FERRARI	PORTOFINO M	AE
FERRARI	PUROSANGUE	AB
FERRARI	ROMA	AD
FERRARI	ROMA SPIDER	AE
FERRARI	SF90 SPIDER	AE
FERRARI	SF90 STRADALE	AD
FERRARI	TESTAROSSA	AD
FIAT	1010	SA
FIAT	1020	SA
FIAT	110 F	AA
FIAT	1100	AA
FIAT	124	AE
FIAT	124 CABRIOLET	AE
FIAT	124 COUPE	AD
FIAT	124 SPIDER	AE
FIAT	124 SPIDER CSI	AE
FIAT	125	AA
FIAT	126	AA
FIAT	126	AB
FIAT	127	AB
FIAT	128	AA
FIAT	130 3200 COUPE	AD
FIAT	132	AA
FIAT	1500	AE
FIAT	16V COUPE	AD
FIAT	183	AE
FIAT	183 CABRIOLET	AE
FIAT	185	AA
FIAT	185	AC
FIAT	220 L	SA
FIAT	230	SA
FIAT	230 ABMAA	SA
FIAT	230 BDMAA	SA
FIAT	230 BDMAB	SA
FIAT	230 BEMAB	SA
FIAT	230 BEMBB	SA
FIAT	230 BEMCC	SA
FIAT	230 BLMCC	SA
FIAT	230 BNMAB	SA
FIAT	230 BNMAC	SA
FIAT	230 BNMCC	SA
FIAT	230 CEMAC	SA
FIAT	230 CEMBC	SA
FIAT	230 CLMAC	SA
FIAT	230 CLMCC	SA
FIAT	230 DUCATO	SA
FIAT	230 HYMER	SA
FIAT	230 L	SA
FIAT	238	SA
FIAT	242 15B6 F	SA
FIAT	242 15D F	SA
FIAT	244	SA
FIAT	244 ADRIATIK	SA
FIAT	244 L	SA
FIAT	250	SA
FIAT	280	SA
FIAT	280 4	SA
FIAT	280 7	SA
FIAT	280 8	SA
FIAT	280 L	SA
FIAT	280 MA	SA
FIAT	280 MA 4	SA
FIAT	280 MA 7	SA
FIAT	280 MA 8	SA
FIAT	280 MA4	SA
FIAT	280 MA65	SA
FIAT	280 MA7	SA
FIAT	280 MA8	SA
FIAT	280 MAK	SA
FIAT	280 MAX	SA
FIAT	280 NA7	SA
FIAT	290	SA
FIAT	290 7	SA
FIAT	290 L	SA
FIAT	290 MA 7	SA
FIAT	290 MA7	SA
FIAT	290 MAJ	SA
FIAT	290 MAX	SA
FIAT	290 MS 7	SA
FIAT	290 MSJ	SA
FIAT	290 NA7	SA
FIAT	290 NAJ	SA
FIAT	290 NSJ	SA
FIAT	290 PSJ	SA
FIAT	290 UAK	SA
FIAT	500	AB
FIAT	500 1 2	AB
FIAT	500 ABARTH	AB
FIAT	500 C	AB
FIAT	500 C	AE
FIAT	500 D GIARDINIERA	AC
FIAT	500 F	AA
FIAT	500 GIARDINIERA	AC
FIAT	500 L	AA
FIAT	500 L	AF
FIAT	500E	AA
FIAT	500E	AB
FIAT	500L	AA
FIAT	500L	AB
FIAT	500L	AF
FIAT	500X	AF
FIAT	600	AF
FIAT	600E	AF
FIAT	70 156-FI	SA
FIAT	850	AA
FIAT	850 COUPE	AD
FIAT	850 SPIDER	AE
FIAT	ABARTH	AB
FIAT	ABARTH SPIDER	AE
FIAT	ADRIA	SA
FIAT	ADRIATIK	SA
FIAT	ADRIATIK E	SA
FIAT	ADVANTAGE	SA
FIAT	ALFA ROMEO	AE
FIAT	ALLEGRO	SA
FIAT	ARTO	SA
FIAT	ARTO 77E	SA
FIAT	ARTO 85E	SA
FIAT	ARTO 88EK	SA
FIAT	B514	SA
FIAT	B524	SA
FIAT	B614	SA
FIAT	B644	SA
FIAT	BARCHETTA	AE
FIAT	BARCHETTA CABRIOLET	AE
FIAT	BERLINA	AA
FIAT	BERLINA	AB
FIAT	BRAVA	AB
FIAT	BRAVO	AB
FIAT	BRAVO	AF
FIAT	BUERSTNER	SA
FIAT	BURSTNER	SA
FIAT	CHALLENGER	SA
FIAT	CHAUSSON	SA
FIAT	CINQUECENTO	AB
FIAT	CROMA	AB
FIAT	CROMA	AC
FIAT	CROMA	AF
FIAT	CROMA D I.D	AB
FIAT	CROMA I.E	AB
FIAT	CROMA T.D.I.D	AB
FIAT	CROMA TD I.D	AB
FIAT	DETHLEFFS	SA
FIAT	DETHLEFFS GLOBET-RO	SA
FIAT	DETHLEFS GLOBET-ROT	SA
FIAT	DINO COUPE	AD
FIAT	DINO SPIDER	AE
FIAT	DOBLO	AF
FIAT	DOBLO	BB
FIAT	DOBLO BIPOWER	BB
FIAT	DOBLO CARGO	BB
FIAT	DOBLO DPF	BB
FIAT	DOBLO MJ DPF	BB
FIAT	DUCATO	BB
FIAT	DUCATO	SA
FIAT	DUCATO 2 8	SA
FIAT	DUCATO AL-KO	SA
FIAT	DUCATO CAMPING CAR	SA
FIAT	DUCATO D41	SA
FIAT	DUCATO D7	SA
FIAT	DUCATO DR	SA
FIAT	DUCATO I.D.TD	SA
FIAT	DUCATO K	BB
FIAT	DUCATO K	SA
FIAT	DUCATO KH	BB
FIAT	DUCATO KH	SA
FIAT	DUCATO L	BB
FIAT	DUCATO L	SA
FIAT	DUCATO LH	BB
FIAT	DUCATO LH	SA
FIAT	DUCATO LH POWER	SA
FIAT	DUCATO M	BB
FIAT	DUCATO M	SA
FIAT	DUCATO MAX AL-KO	SA
FIAT	DUCATO MH	BB
FIAT	DUCATO MH	SA
FIAT	DUCATO MJ	SA
FIAT	DUCATO MJ DPF	SA
FIAT	DUCATO MJ DPF K	BB
FIAT	DUCATO MJ DPF K	SA
FIAT	DUCATO MJ DPF L	BB
FIAT	DUCATO MJ DPF L	SA
FIAT	DUCATO MJ DPF M	BB
FIAT	DUCATO MJ DPF M	SA
FIAT	DUCATO MJ K	BB
FIAT	DUCATO MJ K DC4	BB
FIAT	DUCATO MJ L	BB
FIAT	DUCATO MJ L	SA
FIAT	DUCATO MJ M	BB
FIAT	DUCATO MJ M	SA
FIAT	DUCATO MR-ZK	BB
FIAT	DUCATO MULTICAB	BB
FIAT	DUCATO MULTICAB	SA
FIAT	DUCATO NT	SA
FIAT	DUCATO NT 7	SA
FIAT	DUCATO NTP	SA
FIAT	DUCATO NTP 7	SA
FIAT	DUCATO TD	BB
FIAT	DUCATO TD	SA
FIAT	DUCATO XA	SA
FIAT	E-DOBLO	BB
FIAT	EG B002	SA
FIAT	EG BE	SA
FIAT	EG BE001	SA
FIAT	EG CS001	SA
FIAT	EG CS002	SA
FIAT	EG DF	SA
FIAT	EG DF001	SA
FIAT	EG DF002	SA
FIAT	EG DG	SA
FIAT	ELNAGH	SA
FIAT	EURA MOBIL	SA
FIAT	FENDT	SA
FIAT	FIAT	SA
FIAT	FIAT COUPE	AD
FIAT	FIORINO	BB
FIAT	FIORINO MJ	BB
FIAT	FIORINO MJ DPF	BB
FIAT	FIORINO QUBO	AF
FIAT	FRANKIA	SA
FIAT	FREEMONT	AF
FIAT	FULLBACK	BE
FIAT	GLOBEBUS 1	SA
FIAT	GLOBEBUS 2	SA
FIAT	GLOBESCOUT	SA
FIAT	GLOBETROTTER ALKO-V	SA
FIAT	GLOBEVAN	SA
FIAT	GRANDUCA	SA
FIAT	HOBBY	SA
FIAT	HYMER	SA
FIAT	HYMER B	SA
FIAT	HYMER B574	SA
FIAT	HYMER B644	SA
FIAT	HYMERMOBIL	SA
FIAT	IDEA	AC
FIAT	IDEA	AF
FIAT	KNAUS	SA
FIAT	KNAUS TRAVELLER	SA
FIAT	LIBERTY	SA
FIAT	LMC	SA
FIAT	LMC LIBERTY	SA
FIAT	MAGEO	SA
FIAT	MAREA	AA
FIAT	MAREA WEEKEND	AC
FIAT	MC D	SA
FIAT	MC LOUIS	SA
FIAT	MC T	SA
FIAT	MCLC	SA
FIAT	MCLOUIS	SA
FIAT	MULTIPLA	AC
FIAT	MULTIPLA	AF
FIAT	MULTIPLA	BB
FIAT	NUOVA	AA
FIAT	NUOVA	AB
FIAT	NUOVA	AE
FIAT	NUOVA 500D	AA
FIAT	ORBITER	SA
FIAT	PALIO WEEKEND	AC
FIAT	PANDA	AB
FIAT	PANDA	AF
FIAT	PANDA 1000CL	AB
FIAT	PANDA 1000CL I.E	AB
FIAT	PANDA 1000L I.E	AB
FIAT	PANDA 750CL	AB
FIAT	PANDA 750L	AB
FIAT	PANDA I.E	AB
FIAT	PANDA I.E SELECTA	AB
FIAT	PANDA L	AB
FIAT	PANDA SELECTA	AB
FIAT	PANDA4X4	AB
FIAT	PANDINA	AF
FIAT	PILOTE	SA
FIAT	POSSL	SA
FIAT	PUNTO	AB
FIAT	PUNTO	AF
FIAT	PUNTO ABARTH	AF
FIAT	PUNTO CABRIOLET	AE
FIAT	PUNTO ELX	AB
FIAT	PUNTO ELX CABRIOLET	AE
FIAT	PUNTO SELECTA	AB
FIAT	QUBO	AF
FIAT	RAPIDO	SA
FIAT	REGATA	AA
FIAT	REGATA 85S	AA
FIAT	RITMO	AB
FIAT	RITMO 60CL	AB
FIAT	RITMO 60L	AB
FIAT	RITMO 85S	AB
FIAT	RITMO ABARTH TC	AB
FIAT	SCUDO	AF
FIAT	SCUDO	BB
FIAT	SCUDO	SA
FIAT	SCUDO K MJ	BB
FIAT	SCUDO K MJ	SA
FIAT	SCUDO K MJ FAP	BB
FIAT	SCUDO L MJ	BB
FIAT	SCUDO L MJ	SA
FIAT	SCUDO L MJ FAP	BB
FIAT	SCUDO TD	BB
FIAT	SCUDO TD	SA
FIAT	SEDICI	AB
FIAT	SEICENTO	AB
FIAT	SPIDER	AE
FIAT	SPORT COUPE	AD
FIAT	STILO	AB
FIAT	STILO	AC
FIAT	STILO	AF
FIAT	STRADA	BE
FIAT	SUN-TRAVELLER ALKOVEN	SA
FIAT	SUN-TRAVELLER-TI	SA
FIAT	T 5801	SA
FIAT	T 5841	SA
FIAT	T5801	SA
FIAT	TALENTO	BB
FIAT	TEC	SA
FIAT	TEMPRA I.E	AA
FIAT	TEMPRA S.W I.E	AC
FIAT	TEMPRA-S.W	AC
FIAT	TIPO	AA
FIAT	TIPO	AB
FIAT	TIPO	AF
FIAT	TIPO I.E	AB
FIAT	TIPO.U9	AB
FIAT	TRIGANO	SA
FIAT	TRIGANO F12	SA
FIAT	TRIGANO FI 1	SA
FIAT	TRIGANO FI1	SA
FIAT	ULYSSE	AF
FIAT	ULYSSE TRIPOD	AF
FIAT	UNO	AB
FIAT	UNO 45S	AB
FIAT	UNO 45SI.E	AB
FIAT	UNO 55S	AB
FIAT	UNO 70SI.E	AB
FIAT	UNO I.E	AB
FIAT	UNO S I.E	AB
FIAT	UNO S IE	AB
FIAT	WEINSBERG	SA
FIAT	WELCOME	SA
FIAT	X1 9	AE
FIAT	X244	SA
FIAT	X244 1	SA
FIAT	X244L	SA
FIAT	ZEHF	SA
FIAT	ZGVF	SA
FIAT DUCATO AFFINITY	AFFINITY	SA
FIAT-FLEURETTE	MAY	SA
FISKER	KARMA	AA
FISKER	OCEAN	AC
FLEURETTE	F73LJ	SA
FLEURETTE	INT	SA
FLEURETTE	MIG	SA
FONT VENDOME	DUOVAN	SA
FONT VENDOME	LEADER CAMP	SA
FONT VENDOME	MASTER	SA
FORD	A CABRIOLET	AE
FORD	A COUPE	AD
FORD	A ROADSTER	AE
FORD	A TUDOR	AA
FORD	ANGLIA	AA
FORD	AUTOHOME	SA
FORD	B-MAX	AF
FORD	BRONCO	AC
FORD	BRONCO	AF
FORD	BRONCO	BB
FORD	BRONCO II	AC
FORD	BRONCO RANGER	AC
FORD	BUSINESS	BB
FORD	C-MAX	AF
FORD	C-MAX ENERGI	AF
FORD	CAPRI	AD
FORD	CAPRI	AF
FORD	CAPRI 2	AD
FORD	CHAUSSON	SA
FORD	CONNECT	BB
FORD	CONSUL	AA
FORD	CORTINA	AA
FORD	COUGAR	AD
FORD	COUNTRY SQUIRE	AC
FORD	COURIER	BB
FORD	CROWN VICTORIA	AA
FORD	CUSTOM	AA
FORD	E150	BB
FORD	E150	SA
FORD	E150 ECOLINE GLOBEMASTER	BB
FORD	E150 ECOLINE GLOBEMASTER	SA
FORD	E150 ECONOLINE	BB
FORD	E150 ECONOLINE	SA
FORD	E350	SA
FORD	ECONOLINE	AC
FORD	ECONOLINE	AF
FORD	ECONOLINE	BB
FORD	ECONOLINE	SA
FORD	ECOSPORT	AB
FORD	EDDEHS	SA
FORD	EDGE	AC
FORD	EDGE	AF
FORD	EDJSHS	SA
FORD	EML	SA
FORD	EMS	SA
FORD	ESCAPE	AC
FORD	ESCAPE	AF
FORD	ESCORT	AA
FORD	ESCORT	AB
FORD	ESCORT	AC
FORD	ESCORT	BB
FORD	ESCORT BRAVO	AB
FORD	ESCORT C	AB
FORD	ESCORT CABRIOLET	AE
FORD	ESCORT CLIPPER	AC
FORD	ESCORT COSWORTH	AB
FORD	ESCORT CTX	AB
FORD	ESCORT L	AA
FORD	ESCORT L	AC
FORD	ESCORT L D	AB
FORD	ESCORT LASER	AB
FORD	ESCORT RS2000	AB
FORD	ESCORT WAGON-VAN	BB
FORD	ESCORT XLD	AC
FORD	ESCORT XR-3I	AB
FORD	ESCORT XR3I	AB
FORD	ESCORT XR3I CABRIOLET	AE
FORD	EUS	SA
FORD	EXPEDITION	AC
FORD	EXPEDITION	AF
FORD	EXPLORER	AC
FORD	EXPLORER	AF
FORD	EXPLORER XLT	AC
FORD	EXPLORER XLT	AF
FORD	F CUSTOM	BE
FORD	F LARIAT	BE
FORD	F RANGER	BE
FORD	F RAPTOR	BE
FORD	F-100	BE
FORD	F-150	BE
FORD	F-150 CREW	BE
FORD	F-150 FX4	BE
FORD	F-150 LARIAT	BE
FORD	F-150 LIGHTNING	BE
FORD	F-150 RAPTOR	BE
FORD	F-150 SUPER CREW	BE
FORD	F-150 XLT	BE
FORD	F-250	BE
FORD	F1	BE
FORD	F100	BE
FORD	F100 CUSTOM	BE
FORD	F150	BE
FORD	F150 CUSTOM	BE
FORD	F150 FX4	BE
FORD	F150 LARIAT	BE
FORD	F150 LIGHTNING	BE
FORD	F150 LOBO	BE
FORD	F150 RAPTOR	BE
FORD	F150 SVT RAPTOR	BE
FORD	F150 XLT	BE
FORD	F250	BE
FORD	F250 CUSTOM	BE
FORD	F250 RANGER	BE
FORD	F250 XLT	BE
FORD	F350	BE
FORD	FACY	BB
FORD	FAGY	SA
FORD	FAIRLANE	AA
FORD	FIESTA	AB
FORD	FIESTA C	AB
FORD	FIESTA CHEERS	AB
FORD	FIESTA CTX	AB
FORD	FIESTA FLASH	AB
FORD	FIESTA L	AB
FORD	FIESTA SCTI	AB
FORD	FIESTA ST	AB
FORD	FIESTA XR-2	AB
FORD	FIESTA XR2I	AB
FORD	FLEX	AC
FORD	FLEX	AF
FORD	FMCY	SA
FORD	FOCUS	AB
FORD	FOCUS	AC
FORD	FOCUS C-MAX	AC
FORD	FOCUS C-MAX	AF
FORD	FOCUS DPF	BB
FORD	FOCUS SCTI	AB
FORD	FOCUS ST	AB
FORD	FORD	BE
FORD	FORD	SA
FORD	FT	BB
FORD	FT	SA
FORD	FUSION	AC
FORD	FUSION	AF
FORD	FUSION HYBR	AA
FORD	FZEY	SA
FORD	GALAXIE	AA
FORD	GALAXIE	AD
FORD	GALAXIE	AE
FORD	GALAXY	AC
FORD	GALAXY	AF
FORD	GENESIS	SA
FORD	GP	AE
FORD	GPA	AE
FORD	GPW	AE
FORD	GPW JEEP	AE
FORD	GRAN TORINO	AD
FORD	GRANADA	AA
FORD	GRANADA	AC
FORD	GRANADA L	AA
FORD	GRANADA L	AC
FORD	GRAND C-MAX	AC
FORD	GRAND C-MAX	AF
FORD	GT	AD
FORD	JEEP	AE
FORD	KA	AB
FORD	KA	AF
FORD	KA+	AB
FORD	KUGA	AF
FORD	LINCOLN NAVIGATOR	AC
FORD	LINCOLN TOWN CAR	AA
FORD	LTD	AA
FORD	LTD	AC
FORD	LTD COUNTRY SQUIRE	AC
FORD	MACH 1 MUSTANG	AD
FORD	MAVERICK	AC
FORD	MAVERICK	BB
FORD	MODEL A	AA
FORD	MODEL A	AE
FORD	MODEL A ROADSTER	AE
FORD	MODEL T	AE
FORD	MONDEO	AA
FORD	MONDEO	AB
FORD	MONDEO	AC
FORD	MUSTANG	AA
FORD	MUSTANG	AD
FORD	MUSTANG	AE
FORD	MUSTANG 2 + 2	AD
FORD	MUSTANG 2+2	AD
FORD	MUSTANG 2-DR	AD
FORD	MUSTANG BOSS	AD
FORD	MUSTANG BULLITT	AD
FORD	MUSTANG CABRIOLET	AE
FORD	MUSTANG CONV	AE
FORD	MUSTANG CONVERT	AE
FORD	MUSTANG COUPE	AD
FORD	MUSTANG GRANDE	AD
FORD	MUSTANG II	AD
FORD	MUSTANG MACH 1	AD
FORD	MUSTANG MACH I	AD
FORD	MUSTANG MACH-E	AB
FORD	MUSTANG SHELBY	AD
FORD	NUGGET	SA
FORD	ORION	AA
FORD	ORION L	AA
FORD	PREFECT	AA
FORD	PROBE	AA
FORD	PROBE	AB
FORD	PROBE	AD
FORD	PUMA	AF
FORD	RANCHERO	BE
FORD	RANGER	BB
FORD	RANGER	BE
FORD	RANGER XLT	BE
FORD	RAPTOR	BE
FORD	RBT	AB
FORD	RIMOR	SA
FORD	ROADSTER	AE
FORD	S-MAX	AC
FORD	S-MAX	AF
FORD	SCORPIO	AA
FORD	SCORPIO	AB
FORD	SCORPIO	AC
FORD	SCORPIO 2.OI	AB
FORD	SCORPIO AUTM	AA
FORD	SCORPIO AUTM	AB
FORD	SCORPIO AUTO	AB
FORD	SHELBY	AD
FORD	SIERRA	AA
FORD	SIERRA	AB
FORD	SIERRA	AC
FORD	SIERRA	BB
FORD	SIERRA AUTM	AA
FORD	SIERRA AUTM	AB
FORD	SIERRA CLT	AA
FORD	SIERRA CLT	AB
FORD	SIERRA COSWORTH	AA
FORD	SIERRA COSWORTH	AB
FORD	SIERRA EM LASER	AB
FORD	SIERRA L	AB
FORD	SIERRA LASER	AB
FORD	SIERRA LASER	AC
FORD	SIERRA LASER T	AB
FORD	SIERRA XR 4I	AB
FORD	SIERRA XR4X4	AB
FORD	STREET KA	AE
FORD	T FORD	AE
FORD	TAS	SA
FORD	TAUNUS	AA
FORD	TAUNUS	AC
FORD	TAUNUS	AD
FORD	TAUNUS COUPE	AD
FORD	TAUNUS L	AA
FORD	TAUNUS M	AA
FORD	TAUNUS TC	AA
FORD	TAURUS	AA
FORD	THUNDERBIRD	AA
FORD	THUNDERBIRD	AD
FORD	THUNDERBIRD	AE
FORD	THUNDERBIRD CABRIOLET	AE
FORD	TORINO	AD
FORD	TOURNEO	AC
FORD	TOURNEO	AF
FORD	TOURNEO	BB
FORD	TOURNEO	SA
FORD	TOURNEO COURIER	AF
FORD	TOURNEO CUSTOM	AF
FORD	TOURNEO CUSTOM	BB
FORD	TOURNEO CUSTOM	SA
FORD	TRANSIT	BB
FORD	TRANSIT	SA
FORD	TRANSIT 100D	BB
FORD	TRANSIT 100D	SA
FORD	TRANSIT 100D DUBB.CAB	BB
FORD	TRANSIT 100D DUBB.CABINE	BB
FORD	TRANSIT 100L	BB
FORD	TRANSIT 100L	SA
FORD	TRANSIT 100L-D	BB
FORD	TRANSIT 100L-D	SA
FORD	TRANSIT 100S	SA
FORD	TRANSIT 190D	SA
FORD	TRANSIT 190L	SA
FORD	TRANSIT 200S LR	BB
FORD	TRANSIT 210L HR	BB
FORD	TRANSIT 220L HR	BB
FORD	TRANSIT 220L HR	SA
FORD	TRANSIT 220S LR	BB
FORD	TRANSIT 230L HR	BB
FORD	TRANSIT 260S	SA
FORD	TRANSIT 260S 115DPF	BB
FORD	TRANSIT 260S 115DPF	SA
FORD	TRANSIT 260S 140DPF	BB
FORD	TRANSIT 260S 85DPF LR	BB
FORD	TRANSIT 260S FD	BB
FORD	TRANSIT 260S FD	SA
FORD	TRANSIT 260S FD LR	BB
FORD	TRANSIT 260S FD LR	SA
FORD	TRANSIT 260S FD LR 4	BB
FORD	TRANSIT 260S FD LR 4	SA
FORD	TRANSIT 260S FD MR	BB
FORD	TRANSIT 260S FD MR 4	BB
FORD	TRANSIT 260S FD SPORTVAN LR	BB
FORD	TRANSIT 260S LR	BB
FORD	TRANSIT 260S LR 140DPF	BB
FORD	TRANSIT 260S SPORTVAN 140DPF	BB
FORD	TRANSIT 280M	SA
FORD	TRANSIT 280M 115DPF	BB
FORD	TRANSIT 280M 140DPF	BB
FORD	TRANSIT 280M 85DPF 4	BB
FORD	TRANSIT 280M FD	BB
FORD	TRANSIT 280M FD 4	BB
FORD	TRANSIT 280M FD HR	BB
FORD	TRANSIT 280M FD LR	BB
FORD	TRANSIT 280M FD LR	SA
FORD	TRANSIT 280M FD MR	BB
FORD	TRANSIT 280M FD MR	SA
FORD	TRANSIT 280M FD MR 4	BB
FORD	TRANSIT 280M FD MR 4	SA
FORD	TRANSIT 280M LR 115DPF	BB
FORD	TRANSIT 280M LR 140DPF	BB
FORD	TRANSIT 280M LR 85DPF 4	BB
FORD	TRANSIT 280M MR	BB
FORD	TRANSIT 280M MR 115DPF	BB
FORD	TRANSIT 280M MR 115DPF	SA
FORD	TRANSIT 280S 115DPF	BB
FORD	TRANSIT 280S 85DPF	BB
FORD	TRANSIT 280S FD LR	BB
FORD	TRANSIT 280S FD LR 4	BB
FORD	TRANSIT 300L	SA
FORD	TRANSIT 300L 115DPF	BB
FORD	TRANSIT 300L 140DPF	BB
FORD	TRANSIT 300L FD	BB
FORD	TRANSIT 300L FD 85DPF 4	BB
FORD	TRANSIT 300L FD HR	BB
FORD	TRANSIT 300L FD LR 4	BB
FORD	TRANSIT 300L FD LR 4	SA
FORD	TRANSIT 300L FD MR	BB
FORD	TRANSIT 300L FD MR	SA
FORD	TRANSIT 300L FD MR 4	BB
FORD	TRANSIT 300L FD MR 4	SA
FORD	TRANSIT 300L MR	BB
FORD	TRANSIT 300M	SA
FORD	TRANSIT 300M 100DPF	BB
FORD	TRANSIT 300M 115DPF	BB
FORD	TRANSIT 300M FD 85DPF 4	BB
FORD	TRANSIT 300M FD LR	BB
FORD	TRANSIT 300M FD LR	SA
FORD	TRANSIT 300M FD MR	BB
FORD	TRANSIT 300M FD MR	SA
FORD	TRANSIT 300M FD MR 4	SA
FORD	TRANSIT 300M MR	BB
FORD	TRANSIT 300M MR	SA
FORD	TRANSIT 300M MR 140DPF	BB
FORD	TRANSIT 300M MR 4	BB
FORD	TRANSIT 300S 115DPF	BB
FORD	TRANSIT 300S FD LR	BB
FORD	TRANSIT 300S FD LR	SA
FORD	TRANSIT 300S FD MR 85DPF 4	BB
FORD	TRANSIT 300S LR	BB
FORD	TRANSIT 330L 115DPF	BB
FORD	TRANSIT 330L FD MR	BB
FORD	TRANSIT 330L MR	BB
FORD	TRANSIT 330L MR	SA
FORD	TRANSIT 330M 100DPF	BB
FORD	TRANSIT 330M 115DPF	BB
FORD	TRANSIT 330M FD MR	BB
FORD	TRANSIT 330M MR	BB
FORD	TRANSIT 330M MR	SA
FORD	TRANSIT 330M MR 4	BB
FORD	TRANSIT 330M RD 115DPF 3	BB
FORD	TRANSIT 330S LR	BB
FORD	TRANSIT 350L	BB
FORD	TRANSIT 350L	SA
FORD	TRANSIT 350L 115DPF	BB
FORD	TRANSIT 350L 115DPF 4	BB
FORD	TRANSIT 350L 115DPF 4	SA
FORD	TRANSIT 350L 140DPF	BB
FORD	TRANSIT 350L 140DPF 4	BB
FORD	TRANSIT 350L 200DPF 3	BB
FORD	TRANSIT 350L 200DPF 4	BB
FORD	TRANSIT 350L EF HR	BB
FORD	TRANSIT 350L EF HR	SA
FORD	TRANSIT 350L FD MR	BB
FORD	TRANSIT 350L HR 4	BB
FORD	TRANSIT 350L MR	BB
FORD	TRANSIT 350L MR	SA
FORD	TRANSIT 350L RD 115DPF 3	BB
FORD	TRANSIT 350M	BB
FORD	TRANSIT 350M 115DPF	BB
FORD	TRANSIT 350M 200DPF 3	BB
FORD	TRANSIT 350M FD	BB
FORD	TRANSIT 350M FD MR	BB
FORD	TRANSIT 350M MR	BB
FORD	TRANSIT 350M MR	SA
FORD	TRANSIT 350M RD 115DPF 4	BB
FORD	TRANSIT 80D	BB
FORD	TRANSIT 80D	SA
FORD	TRANSIT 80D DUBB.CAB	BB
FORD	TRANSIT AUTOCAR	AF
FORD	TRANSIT CD	SA
FORD	TRANSIT COURIER	BB
FORD	TRANSIT CUSTOM	AF
FORD	TRANSIT CUSTOM	BB
FORD	TRANSIT E LD	SA
FORD	TRANSIT E120	SA
FORD	TRANSIT EF	SA
FORD	TRANSIT FT	SA
FORD	TRANSIT HC 2 2	BB
FORD	TRANSIT L	SA
FORD	TRANSIT M RUITEN	BB
FORD	TRANSIT M.RUITEN	BB
FORD	TRANSIT NUGGET	SA
FORD	TRANSIT SD	SA
FORD	TRANSIT SD CC	SA
FORD	TRANSIT T200S	BB
FORD	TRANSIT T200S 1 8TDCI	BB
FORD	TRANSIT T200S 90DPF	BB
FORD	TRANSIT T200S DPF	BB
FORD	TRANSIT T220S 1 8TDCI	BB
FORD	TRANSIT T220S 90DPF	BB
FORD	TRANSIT T220S DPF	BB
FORD	TRANSIT T230L	BB
FORD	TRANSIT T230L	SA
FORD	TRANSIT T230L 1 8TDCI	BB
FORD	TRANSIT T230L 1 8TDCI	SA
FORD	TRANSIT T230L 110DPF	BB
FORD	TRANSIT T230L 90DPF	BB
FORD	TRANSIT T230L 90DPF	SA
FORD	TRANSIT T230L DPF	BB
FORD	TRANSIT TOURNEO	AF
FORD	TRANSIT TOURNEO	BB
FORD	TRANSIT TOURNEO	SA
FORD	TRANSIT WESTFALIA NUGGET	SA
FORD	TRANSIT-EUROLINE	SA
FORD	TRANSIT-EUROLINE NUGGET	SA
FORD	TRANSIT-NUGGET	SA
FORD	TRIGANO FD1	SA
FORD	TTS	SA
FORD	TWS	SA
FORD	VCS	SA
FORD	VIL	AF
FORD	VIL	BB
FORD	WINDSTAR	AF
FORSTER	FA VB	SA
FORSTER	FT EB	SA
FORSTER	FV	SA
FORSTER	FV EB	SA
FORSTER	FV EB VANTASY	SA
FORSTER	FV VANTASY	SA
FRANKIA	COMPACTCLASS	SA
FRANKIA	F-LINE	SA
FRANKIA	HOLIDAYCLASS	SA
FRANKIA	M-LINE NEO	SA
FRANKIA	PLATIN	SA
FSO	PRIMA	AB
FUSO	CANTER	BB
FUSO	CANTER	BE
FUSO	ECANTER	BB
G.M.C.	100	BE
G.M.C.	1500	BE
G.M.C.	1500	SA
G.M.C.	ACADIA	AC
G.M.C.	ACADIA	AF
G.M.C.	CCKW	BB
G.M.C.	CHEVROLET	BB
G.M.C.	CHEVROLET	SA
G.M.C.	CHEVY	SA
G.M.C.	GMC	BE
G.M.C.	GMC SAVANA	BB
G.M.C.	GMC SAVANA	SA
G.M.C.	GMC SIERRA	BE
G.M.C.	GMC SIERRA DENALI	BE
G.M.C.	JIMMY	AC
G.M.C.	PICK-UP	BE
G.M.C.	SAVANA	BB
G.M.C.	SAVANA	SA
G.M.C.	SAVANNA	SA
G.M.C.	SIERRA	BE
G.M.C.	SIERRA AT4	BE
G.M.C.	SIERRA CLASSIC	BE
G.M.C.	SIERRA DENALI	BE
G.M.C.	SIERRA GRANDE	BE
G.M.C.	SUBURBAN	AC
G.M.C.	SUBURBAN	AF
G.M.C.	SUBURBAN	BB
G.M.C.	TYPHOON	AC
G.M.C.	VANDURA	AC
G.M.C.	VANDURA	AF
G.M.C.	VANDURA	BB
G.M.C.	VANDURA	SA
GALLOPER	TDI HRLS	BB
GALLOPER	TDI PV	BB
GEELY	STARRAY EM-I	AB
GENERAL MOTORS-GMC	GMC	BE
GENERAL MOTORS-GMC	GMC SIERRA	BE
GENERAL MOTORS-GMC	SIERRA	BE
GENERAL MOTORS-GMC	SIERRA DENALI	BE
GENESIS	GV60	AF
GENESIS	GV70	AF
GIOTTILINE	ILUSION	SA
GIOTTILINE	THERRY	SA
GIOTTILINE	THERRY T31	SA
GIOTTILINE	THERRY T32	SA
GIOTTILINE	THERRY T37	SA
GIOTTILINE	THERRY T45	SA
GLOBECAR	SUMMIT	SA
GLOBECAR	SUMMIT PLUS	SA
GMC	SAVANA	SA
GMC	SIERRA DENALI	BE
GMC	SUBURBAN	AC
GMC-MIDAS	MINI	SA
GONOW	WAY	BB
GOUPIL	G3	BB
GOUPIL	G4	BB
GOUPIL	G4L	BB
GOUPIL	G6	BB
GURSOZLER	SPRINTER	CA
HAMMOND & THIEDE	ASCONA CABRIOLET	AE
HANOMAG-HENSCHEL	F KA	SA
HANOMAG-HENSCHEL	F20	SA
HANOMAG-HENSCHEL	F20D	SA
HESS	SWISSTROLLEY 4	CA
HEULIEZ BUS	GX ELEC	CA
HIGER	SCANIA HD	CA
HIGER	SCANIA HIGER A30	CA
HOBBY	55 ES	SA
HOBBY	65 GE	SA
HOBBY	D ES	SA
HOBBY	D ESC	SA
HOBBY	D FLC	SA
HOBBY	D GELC	SA
HOBBY	DL GESC	SA
HOBBY	K55	SA
HOBBY	K60	SA
HOBBY	K60 FT	SA
HOBBY	K65	SA
HOBBY	K65 ES	SA
HOBBY	K65 ET	SA
HOBBY	K65 T	SA
HOBBY	T FC	SA
HOBBY	T FLC	SA
HOBBY	T FS	SA
HOBBY	T FSC	SA
HOBBY	T GESC	SA
HOBBY	T GFLC	SA
HOBBY	T GFS	SA
HOBBY	T GFSC	SA
HOBBY	T65 FL	SA
HOBBY	T65 GE	SA
HOBBY	T65 HFL	SA
HOBBY	T70 E	SA
HOBBY	T70 F	SA
HOBBY	T70 GE	SA
HOBBY	T75 HGE	SA
HOBBY	TL GESC	SA
HOBBY	V60 GF	SA
HOBBY	V65 GE	SA
HOBBY	V65 GQ	SA
HOME CAR	C-SERIES	SA
HOME CAR	P-SERIES	SA
HOME CAR	PL-SERIES	SA
HONDA	ACCORD	AA
HONDA	ACCORD	AF
HONDA	ACCORD AERO DECK	AB
HONDA	ACCORD AERO DECK PS	AB
HONDA	ACCORD COUPE	AD
HONDA	ACCORD IEX	AA
HONDA	ACCORD PS	AA
HONDA	ACTY	BE
HONDA	BEAT	AE
HONDA	CIVIC	AA
HONDA	CIVIC	AB
HONDA	CIVIC	AF
HONDA	CIVIC 2-TUERIG	AB
HONDA	CIVIC 5 DOOR	AB
HONDA	CIVIC AERODECK	AC
HONDA	CIVIC AT	AB
HONDA	CIVIC B	AB
HONDA	CIVIC COUPE	AD
HONDA	CIVIC CRX	AD
HONDA	CIVIC CRX 2D1.5 COUPE	AD
HONDA	CIVIC CRX COUPE	AD
HONDA	CIVIC CRX DOHCK6 COUPE	AD
HONDA	CIVIC CRX DOHCU9 COUPE	AD
HONDA	CIVIC DAYTONA COUPE	AD
HONDA	CIVIC DXI	AA
HONDA	CIVIC DXI	AB
HONDA	CIVIC DXI AT	AB
HONDA	CIVIC DXI COUPE	AD
HONDA	CIVIC ESI	AB
HONDA	CIVIC ESI COUPE	AD
HONDA	CIVIC HONDAMATIC	AA
HONDA	CIVIC HONDAMATIC	AB
HONDA	CIVIC LSI	AA
HONDA	CIVIC LSI	AB
HONDA	CIVIC LSI AT	AB
HONDA	CIVIC LSI AT COUPE	AD
HONDA	CIVIC LSI COUPE	AD
HONDA	CIVIC MIAMI	AB
HONDA	CIVIC PS	AA
HONDA	CIVIC PS	AB
HONDA	CIVIC SHUTTLE	AC
HONDA	CIVIC SILVERSTONE	AB
HONDA	CIVIC TYPE-R	AB
HONDA	CONCERTO	AB
HONDA	CONCERTO PS	AB
HONDA	CR-V	AC
HONDA	CR-V	AF
HONDA	CR-Z	AB
HONDA	CRV	AC
HONDA	CRV	AF
HONDA	CRX	AB
HONDA	CRX	AD
HONDA	CRX	AE
HONDA	CRX ABS	AD
HONDA	CRX ESI	AD
HONDA	CRX ESI AT	AD
HONDA	CRX ESI-E	AD
HONDA	CRX ESI-E AT	AD
HONDA	CRX VTI-E ABS	AD
HONDA	E NY1	AF
HONDA	ELEMENT	AC
HONDA	FIT	AB
HONDA	FR-V	AC
HONDA	FR-V	AF
HONDA	HR-V	AC
HONDA	HR-V	AF
HONDA	INSIGHT	AB
HONDA	INTEGRA	AB
HONDA	INTEGRA	AD
HONDA	INTEGRA PS	AB
HONDA	JAZZ	AB
HONDA	JAZZ HONDAMATIC	AB
HONDA	LEGEND	AA
HONDA	LEGEND AT COUPE	AD
HONDA	LOGO	AB
HONDA	NSX	AD
HONDA	ODYSSEY	AC
HONDA	ODYSSEY	AF
HONDA	PRELUDE	AA
HONDA	PRELUDE	AD
HONDA	PRELUDE 4WS	AD
HONDA	PRELUDE ABS	AD
HONDA	PRELUDE I 4WS ABS	AD
HONDA	PRELUDE I ABS	AD
HONDA	S2000	AE
HONDA	SHUTTLE	AC
HONDA	SHUTTLE	AF
HONDA	STREAM	AF
HONDA	ZR-V	AF
HOTCHKISS	M201	AE
HUMBAUR	RENAULT MASTER FLEXBOX	BB
HUMMER	H2	AC
HUMMER	H2	AF
HUMMER	H2	BB
HUMMER	H3	AC
HUMMER	H3	AF
HUMMER	H3	BB
HYMER	AYERS ROCK	SA
HYMER	B PL	SA
HYMER	B SL	SA
HYMER	B-MC I	SA
HYMER	B-MC I BLACKLINE	SA
HYMER	B-MC T	SA
HYMER	B-MC T BLACKLINE	SA
HYMER	B-MC T WHITELINE	SA
HYMER	B-ML I	SA
HYMER	B-ML T	SA
HYMER	B524	SA
HYMER	B550MC	SA
HYMER	B580MC	SA
HYMER	B600MC	SA
HYMER	B654	SA
HYMER	B680MC	SA
HYMER	B690MC	SA
HYMER	B780ML	SA
HYMER	B790ML	SA
HYMER	B880ML	SA
HYMER	B890ML	SA
HYMER	BC	SA
HYMER	BC544	SA
HYMER	BM	SA
HYMER	CC	SA
HYMER	COMPACT	SA
HYMER	CS	SA
HYMER	CS 544K	SA
HYMER	EC	SA
HYMER	ECE	SA
HYMER	ECR	SA
HYMER	EJR	SA
HYMER	ERIBA JET	SA
HYMER	EX	SA
HYMER	EX580	SA
HYMER	EXSIS	SA
HYMER	EXSIS-T	SA
HYMER	EXT	SA
HYMER	EXT474	SA
HYMER	EXT588	SA
HYMER	FREE	SA
HYMER	FREE S	SA
HYMER	GRAND CANYON	SA
HYMER	GRAND CANYON S	SA
HYMER	GRAND CANYON S CROSSOVER	SA
HYMER	GRAND CANYON YOSEMITE	SA
HYMER	HC	SA
HYMER	HV	SA
HYMER	HV562 SILVER LINE	SA
HYMER	ML-T	SA
HYMER	ML-T CROSSOVER	SA
HYMER	ML-T CROSSTRAIL	SA
HYMER	ML-T XPERIENCE	SA
HYMER	MLI	SA
HYMER	MLT	SA
HYMER	MLT CROSSOVER	SA
HYMER	SIERRA NEVADA	SA
HYMER	SYDNEY	SA
HYMER	T 2X2	SA
HYMER	T 674SL	SA
HYMER	T SL	SA
HYMER	T578	SA
HYMER	T585 S	SA
HYMER	T585S	SA
HYMER	T655	SA
HYMER	T680 S	SA
HYMER	T680S	SA
HYMER	T685 S	SA
HYMER	T685S	SA
HYMER	T695 S	SA
HYMER	TEILINTEGRIERT HV	SA
HYMER	TR	SA
HYMER	TRAMP S	SA
HYMER	VENTURE S	SA
HYMER	YELLOWSTONE	SA
HYMER	YOSEMITE	SA
HYUNDAI	ACCENT	AA
HYUNDAI	ACCENT	AB
HYUNDAI	ACCENT	AF
HYUNDAI	ATOS	AB
HYUNDAI	ATOS PRIME	AB
HYUNDAI	ATOS-PRIME	AB
HYUNDAI	ATOZ-PRIME	AB
HYUNDAI	BAYON	AC
HYUNDAI	ELANTRA	AA
HYUNDAI	ELANTRA	AB
HYUNDAI	EXCEL	AA
HYUNDAI	EXCEL	AB
HYUNDAI	EXCEL GS	AB
HYUNDAI	GALLOPER JK T01	BB
HYUNDAI	GENESIS COUPE	AD
HYUNDAI	GETZ	AB
HYUNDAI	GETZ	AF
HYUNDAI	GRANDEUR	AA
HYUNDAI	H-1	AF
HYUNDAI	H-1	BB
HYUNDAI	H-1	SA
HYUNDAI	H-1 H200	BB
HYUNDAI	H-1 H200	SA
HYUNDAI	H-1 H200 AD	BB
HYUNDAI	H-1 H200 AD TCI	BB
HYUNDAI	H-1 H200 KWB	BB
HYUNDAI	H-1 H200 KWB TCI	BB
HYUNDAI	H-1 H200 TCI	BB
HYUNDAI	H-1 H200 TCI	SA
HYUNDAI	H-1 H300	BB
HYUNDAI	H-1 H300 VGT	BB
HYUNDAI	H-1 H300 VGT	SA
HYUNDAI	H-1 H300 WGT	BB
HYUNDAI	H-1 H300 WGT	SA
HYUNDAI	H100	BB
HYUNDAI	H100	SA
HYUNDAI	H200	BB
HYUNDAI	H200	SA
HYUNDAI	H200 TD INTERCOOLER	BB
HYUNDAI	H350	BB
HYUNDAI	HIGHWAY	BB
HYUNDAI	I 30CW	AF
HYUNDAI	I10	AB
HYUNDAI	I20	AB
HYUNDAI	I20	AF
HYUNDAI	I20 I20	AB
HYUNDAI	I30	AB
HYUNDAI	I30	AC
HYUNDAI	I40	AA
HYUNDAI	I40	AC
HYUNDAI	INSTER	AF
HYUNDAI	IONIQ	AB
HYUNDAI	IONIQ 9	AF
HYUNDAI	IONIQ5	AF
HYUNDAI	IONIQ5 N	AF
HYUNDAI	IONIQ6	AA
HYUNDAI	IONIQ6 N	AA
HYUNDAI	IX	AB
HYUNDAI	IX	AC
HYUNDAI	IX	AF
HYUNDAI	IX20	AF
HYUNDAI	IX35	AF
HYUNDAI	KONA	AF
HYUNDAI	KONA KAUAI	AF
HYUNDAI	LANTRA	AA
HYUNDAI	LANTRA	AC
HYUNDAI	LANTRA GLSI	AA
HYUNDAI	MATRIX	AC
HYUNDAI	MATRIX	AF
HYUNDAI	MAXIVAN	BB
HYUNDAI	NEXO	AF
HYUNDAI	PONY	AA
HYUNDAI	PONY	AB
HYUNDAI	PONY L	AB
HYUNDAI	SANTA FE	AC
HYUNDAI	SANTA FE	AF
HYUNDAI	SANTA FE	BB
HYUNDAI	SANTA FE R A T	BB
HYUNDAI	SANTAFE	AF
HYUNDAI	SCOUPE	AD
HYUNDAI	SONATA	AA
HYUNDAI	STARIA	BB
HYUNDAI	STELLAR GSL	AA
HYUNDAI	TERRACAN	AF
HYUNDAI	TERRACAN	BB
HYUNDAI	TRAJET	AF
HYUNDAI	TUCSON	AF
HYUNDAI	TUCSON IX35	AF
HYUNDAI	TUSCON	AF
HYUNDAI	VELOSTER	AB
HYUNDAI	XG	AA
IAV	CARAVELLE	AF
IAV	TRANSPORTER	BB
IIC	THERRY T32	SA
INDCAR	WING	CA
INDUSAUTO	ENEEXIS	SD
INEOS	GRENADIER	BB
INFINITI	EX37	AC
INFINITI	FX	AC
INFINITI	FX30D	AF
INFINITI	FX35	AB
INFINITI	FX35	AC
INFINITI	FX35	AF
INFINITI	FX37	AC
INFINITI	FX37	AF
INFINITI	FX45	AC
INFINITI	FX50	AC
INFINITI	FX50	AF
INFINITI	G37	AA
INFINITI	G37 CABRIOLET	AE
INFINITI	Q30	AF
INFINITI	Q30S	AF
INFINITI	Q50	AA
INFINITI	Q60	AD
INFINITI	Q70	AA
IRISBUS	CITELIS	CA
IRIZAR	I6 EFFICIENT	CA
ISUZU	D MAX	BE
ISUZU	D-MAX	BE
ISUZU	TROOPER	AC
ISUZU	TROOPER	BB
ISUZU	TROOPER TD	BB
ITINEO	700	SA
ITINEO	740	SA
IVECO	29L 29L10V EURO 3	BB
IVECO	29L 29L10V EURO 3	SA
IVECO	29L 29L12V EURO 3	BB
IVECO	29L10V EURO 4	BB
IVECO	29L10V EURO 4 LD	BB
IVECO	29L12V EURO 4	BB
IVECO	29L12V EURO 4	SA
IVECO	29L12V EURO 4 LD	BB
IVECO	29L14V EURO 4	BB
IVECO	29L14V EURO 4 LD	BB
IVECO	30 V	BB
IVECO	30 V	SA
IVECO	35	BB
IVECO	35	SA
IVECO	35 C	BB
IVECO	35 V	BB
IVECO	35 V	SA
IVECO	35C 35C12V EURO 3	BB
IVECO	35C 35C13V EURO 3	BB
IVECO	35C 35C14V EURO 3	BB
IVECO	35C 35C14V EURO 3	SA
IVECO	35C 35C15V EURO 3	BB
IVECO	35C 35C17V EURO 3	BB
IVECO	35C12 EURO 4	BB
IVECO	35C12V EURO 4	BB
IVECO	35C13 EURO 4 LD	BB
IVECO	35C13 V	BB
IVECO	35C14 VEKO	BB
IVECO	35C15 EURO 4	BB
IVECO	35C15V EURO 4	BB
IVECO	35C15V EURO 4 LD	BB
IVECO	35C18V EURO 4	BB
IVECO	35C18V EURO 4 LD	BB
IVECO	35S 35S10SV EURO 3	BB
IVECO	35S 35S10V EURO 3	BB
IVECO	35S 35S11V EURO 3	BB
IVECO	35S 35S11V EURO 3	SA
IVECO	35S 35S12V EURO 3	BB
IVECO	35S 35S12V EURO 3	SA
IVECO	35S 35S13V EURO 3	SA
IVECO	35S10 EURO 4	BB
IVECO	35S10V EURO 4	BB
IVECO	35S11V EURO 4 LD	BB
IVECO	35S12V EURO 4	BB
IVECO	35S12V EURO 4	SA
IVECO	35S13 V	BB
IVECO	35S13V EURO 4 LD	BB
IVECO	35S14V EURO 4	BB
IVECO	35S14V EURO 4	SA
IVECO	35S14V EURO 4 LD	BB
IVECO	35S14V EURO V HD EEV	BB
IVECO	35S18V EURO 4	BB
IVECO	35S18V EURO 4 LD	BB
IVECO	40	SA
IVECO	40C 40C12 EURO 3	BB
IVECO	40C12 EURO 4	BB
IVECO	40C13 EURO 4 LD	BB
IVECO	40C14 EURO V HD EEV	BB
IVECO	40C14V EURO V HD EEV	BB
IVECO	40C15 EURO 4	BB
IVECO	40C15 EURO 4 LD	BB
IVECO	40C15V EURO 4	BB
IVECO	40C15V EURO 4 LD	BB
IVECO	40C17 EURO V HD EEV	BB
IVECO	40C18 EURO 4	BB
IVECO	40C18 EURO 4 LD	BB
IVECO	40C18V EURO 4	BB
IVECO	40C18V EURO 4 LD	BB
IVECO	49	BB
IVECO	49	SA
IVECO	50C 50C13 EURO 3	BB
IVECO	50C 50C14V EURO 3	BB
IVECO	50C 50C17V EURO 3	BB
IVECO	50C15 EURO 4	BB
IVECO	50C15 EURO 4 LD	BB
IVECO	50C15V EURO 4	BB
IVECO	50C18 EURO 4	BB
IVECO	50C18 EURO 4 LD	BB
IVECO	50C18V EURO 4	BB
IVECO	50C18V EURO 4 LD	BB
IVECO	65C 65C17 EURO 3	BB
IVECO	65C17 EURO V HD EEV	BB
IVECO	65C18 EURO 4	BB
IVECO	A65C18	CA
IVECO	AD190S P	BB
IVECO	AS190S P	BB
IVECO	AS260SY PS	BB
IVECO	CROSSWAY LOW ENTRY	CA
IVECO	DAILY	BB
IVECO	DAILY	BE
IVECO	DAILY	SA
IVECO	DAILY MULTI-CAB.EU	BB
IVECO	DAILY MULTICAB	BB
IVECO	DAILY S2006	BB
IVECO	ESUPERJOLLY	BB
IVECO	EUROCARGO	BB
IVECO	IVECO	BB
IVECO	IVECO	SA
IVECO	ML80E15	BB
IVECO	ML80E18	BB
IVECO	MULTI-CAB ABK-2301	BB
IVECO	SP45-PLUS	BB
IVECO BUS	CROSSWAY	CA
IVECO BUS	CROSSWAY LOW ENTRY	CA
IVECO BUS	CROSSWAY LOW ENTRY ELEC	CA
IVECO BUS	E-WAY	CA
IVECO BUS	EVADYS H	CA
J.B.A.	FALCON	AE
JAC	IEV7S	AB
JAECOO	JAECOO5	AB
JAECOO	JAECOO5 EV	AB
JAECOO	JAECOO7	AB
JAECOO	JAECOO8	AF
JAGUAR	240	AA
JAGUAR	340	AA
JAGUAR	420	AA
JAGUAR	420 G	AA
JAGUAR	E-PACE	AC
JAGUAR	E-TYPE	AD
JAGUAR	E-TYPE	AE
JAGUAR	E-TYPE 2+2	AD
JAGUAR	E-TYPE 4-2 L	AE
JAGUAR	E-TYPE L	AD
JAGUAR	E-TYPE ROADSTER	AE
JAGUAR	EXECUTIVE	AA
JAGUAR	F-PACE	AC
JAGUAR	F-TYPE	AD
JAGUAR	F-TYPE	AE
JAGUAR	I-PACE	AC
JAGUAR	MARK 2 L	AA
JAGUAR	MARK II	AA
JAGUAR	MK 2	AA
JAGUAR	MK II	AA
JAGUAR	MK1	AA
JAGUAR	MK2	AA
JAGUAR	MKII	AA
JAGUAR	QDV	AE
JAGUAR	S-TYPE	AA
JAGUAR	SERIES THREE E-TYPE	AE
JAGUAR	SERIES THREE E-TYPE CABRIOLET	AE
JAGUAR	SOVEREIGN	AA
JAGUAR	SOVEREIGN HE	AA
JAGUAR	V12	AA
JAGUAR	VANDEN PLAS HE	AA
JAGUAR	X-TYPE	AA
JAGUAR	X-TYPE	AC
JAGUAR	X-TYPE I4	AA
JAGUAR	X-TYPE I4	AC
JAGUAR	XE	AA
JAGUAR	XF	AA
JAGUAR	XF	AC
JAGUAR	XF SPORTBRAKE	AC
JAGUAR	XJ	AA
JAGUAR	XJ 6	AA
JAGUAR	XJ 6 L SERIES 2	AA
JAGUAR	XJ 6 SERIES 2 L.W.B	AA
JAGUAR	XJ L	AA
JAGUAR	XJ S HE	AD
JAGUAR	XJ-S	AD
JAGUAR	XJ-S	AE
JAGUAR	XJ-S CABRIOLET	AE
JAGUAR	XJ-S CONV	AE
JAGUAR	XJ-S CONV 2+2	AE
JAGUAR	XJ-SC	AE
JAGUAR	XJ12	AA
JAGUAR	XJ12 HE	AA
JAGUAR	XJ12 SERIES III	AA
JAGUAR	XJ6	AA
JAGUAR	XJ6 4 2 SERIES 2	AA
JAGUAR	XJ6 SERIES 2 COUPE	AD
JAGUAR	XJ6 SERIES III	AA
JAGUAR	XJ6 SERIES III SOVEREIGN	AA
JAGUAR	XJ8	AA
JAGUAR	XJR	AA
JAGUAR	XJR SUPERCHARGER	AA
JAGUAR	XJR-S	AD
JAGUAR	XJS	AD
JAGUAR	XJS	AE
JAGUAR	XK	AD
JAGUAR	XK	AE
JAGUAR	XK 2 DOOR 4 SEAT CABRIOLET	AE
JAGUAR	XK 2 DOOR 4 SEAT COUPE	AD
JAGUAR	XK 8	AE
JAGUAR	XK CABRIOLET	AE
JAGUAR	XK COUPE	AD
JAGUAR	XK DHC	AE
JAGUAR	XK FHC	AD
JAGUAR	XK ROADSTER	AE
JAGUAR	XK120	AE
JAGUAR	XK140	AE
JAGUAR	XK150	AE
JAGUAR	XK8	AD
JAGUAR	XK8	AE
JAGUAR	XK8 CABRIOLET	AE
JAGUAR	XK8 COUPE	AD
JAGUAR	XKR	AD
JAGUAR	XKR	AE
JAGUAR	XKR CABRIOLET	AE
JAGUAR	XKR COUPE	AD
JAGUAR	XKRS CABRIOLET	AE
JAGUAR CARS	JAGUAR S-TYPE	AA
JAGUAR CARS	JAGUAR S-TYPE R	AA
JAGUAR CARS	JAGUAR XF	AA
JAGUAR CARS	JAGUAR XF SPORTBRAKE	AC
JAGUAR CARS	JAGUAR XK CABRIOLET	AE
JAGUAR CARS	JAGUAR XK COUPE	AD
JAGUAR CARS	JAGUAR XKR CABRIOLET	AE
JAGUAR CARS	JAGUAR XKR COUPE	AD
JAGUAR CARS	JAGUAR XKR-S COUPE	AD
JAGUAR LAND ROVER	DEFENDER	BB
JAGUAR LAND ROVER	DISCOVERY	AC
JAGUAR LAND ROVER	DISCOVERY	BB
JAGUAR LAND ROVER	DISCOVERY 4	AC
JAGUAR LAND ROVER	DISCOVERY 4	BB
JAGUAR LAND ROVER	FREELANDER 2	AC
JAGUAR LAND ROVER	JAGUAR F-TYPE	AD
JAGUAR LAND ROVER	JAGUAR F-TYPE	AE
JAGUAR LAND ROVER	JAGUAR XE	AA
JAGUAR LAND ROVER	JAGUAR XF	AA
JAGUAR LAND ROVER	JAGUAR XF SPORTBRAKE	AC
JAGUAR LAND ROVER	JAGUAR XJ	AA
JAGUAR LAND ROVER	RANGE ROVER	AC
JAGUAR LAND ROVER	RANGE ROVER	BB
JAGUAR LAND ROVER	RANGE ROVER EVOQUE	AC
JAGUAR LAND ROVER	RANGE ROVER EVOQUE	AD
JEEP	AVENGER	AF
JEEP	CHEROKEE	AC
JEEP	CHEROKEE	AF
JEEP	CHEROKEE	BB
JEEP	CHEROKEE 4-DRS	AC
JEEP	CHEROKEE 4.OI	AC
JEEP	CHEROKEE CHIEF	AC
JEEP	CHEROKEE COMM	BB
JEEP	CHEROKEE HIGH ROOF	BB
JEEP	CHEROKEE HIGHROOF	BB
JEEP	CHEROKEE KK MT HR	BB
JEEP	CHEROKEE KK MT LR	BB
JEEP	CHEROKEE LE	AC
JEEP	CHEROKEE LTD	AC
JEEP	CHEROKEE LTD AUT.U9	AC
JEEP	CHEROKEE S JAMBOREE	AC
JEEP	CJ 5	AE
JEEP	CJ 7	AE
JEEP	CJ 7	BB
JEEP	CJ-7	AE
JEEP	CJ-7	BB
JEEP	CJ5	AE
JEEP	CJ7	AA
JEEP	CJ7	AE
JEEP	CJ7	BB
JEEP	CJ7 CABRIOLET	AE
JEEP	COMANCHE	BE
JEEP	COMMANDER	AC
JEEP	COMMANDER	AF
JEEP	COMMANDER	BB
JEEP	COMPASS	AF
JEEP	G.CHEROKEE LTD COMM	BB
JEEP	GLADIATOR	BE
JEEP	GLADIATOR RUBICON	BE
JEEP	GRAND CHEROKEE	AC
JEEP	GRAND CHEROKEE	AF
JEEP	GRAND CHEROKEE	BB
JEEP	GRAND CHEROKEE ABS QUADRA	AC
JEEP	GRAND CHEROKEE HIGH ROOF	BB
JEEP	GRAND CHEROKEE LAREDO	AC
JEEP	GRAND CHEROKEE SRT	AC
JEEP	GRAND CHEROKEE SRT	AF
JEEP	GRAND CHEROKEE SRT	BB
JEEP	GRAND CHEROKEE SRT8	AC
JEEP	GRAND CHEROKEE TRACKHAWK	BB
JEEP	GRAND WAGONEER	AC
JEEP	JEEP	AE
JEEP	LIBERTY	AC
JEEP	PATRIOT	AC
JEEP	PATRIOT	AF
JEEP	RENEGADE	AF
JEEP	RENEGADE	BB
JEEP	TJ	AE
JEEP	WAGONEER	AC
JEEP	WAGONEER	AF
JEEP	WILLYS	AE
JEEP	WRANGLER	AA
JEEP	WRANGLER	AC
JEEP	WRANGLER	AE
JEEP	WRANGLER	AF
JEEP	WRANGLER	BB
JEEP	WRANGLER CABRIOLET	AE
JEEP	WRANGLER COMM	BB
JEEP	WRANGLER JK UNLIMITED	BB
JEEP	WRANGLER LAREDO	AA
JEEP	WRANGLER LAREDO	AE
JEEP	WRANGLER LAREDO COMM	BB
JEEP	WRANGLER LAREDO HT COMM	BB
JEEP	WRANGLER RUBICON	AE
JEEP	WRANGLER RUBICON	BB
JEEP	WRANGLER SAHARA	AE
JEEP	WRANGLER SAHARA	AF
JEEP	WRANGLER SOFTTOP	AE
JEEP	WRANGLER UNLIMITED	AF
JEEP	WRANGLER UNLIMITED	BB
JEEP	WRANGLER UNLIMITED AT LR	BB
JEEP	WRANGLER UNLIMITED LR	BB
JEEP	WRANGLER UNLIMITED SAHARA	AF
JEEP	XJ	AC
JENSEN	HEALEY	AE
JENSEN	INTERCEPTOR	AD
JENSEN	INTERCEPTOR III	AD
JUNGE FAHRZEUGBAU	ATEGO	BB
JUNGE FAHRZEUGBAU GMBH	ATEGO	BB
JUNGE FAHRZEUGBAU GMBH	SPRINTER	BB
JUNGE FAHRZEUGBAU GMBH	TGL	BB
KAISER	JEEP CJ5	AE
KALMAR	441	BB
KARMA	REVERO	AA
KARMANN MOBIL	COLORADO	SA
KARMANN MOBIL	COLORADO TI	SA
KARMANN MOBIL	DAVIS	SA
KARMANN MOBIL	DAVIS FB	SA
KARMANN MOBIL	DAVIS JUMP	SA
KARMANN MOBIL	DAVIS LIFESTYLE	SA
KARMANN MOBIL	DEXTER	SA
KARMANN MOBIL	DEXTER GO	SA
KARMANN MOBIL	ONTARIO	SA
KARMANN MOBIL	ONTARIO TI	SA
KG MOBILITY	ACTYON	AC
KG MOBILITY	MUSSO EV	BE
KG MOBILITY	REXTON	BB
KG MOBILITY	TORRES	AC
KG MOBILITY	TORRES EVX	AC
KIA	BESTA	BB
KIA	CARENS	AC
KIA	CARENS	AF
KIA	CARNIVAL	AC
KIA	CARNIVAL	AF
KIA	CARNIVAL	BB
KIA	CARNIVAL HPDI A T	BB
KIA	CARNIVAL HPDI M T	BB
KIA	CEE D	AB
KIA	CEE D	AC
KIA	CEE D	AF
KIA	CEE'D	AB
KIA	CEE'D	AC
KIA	CEED	AB
KIA	CEED	AC
KIA	CERATO	AA
KIA	CERATO	AC
KIA	CERATO	AF
KIA	CLARUS	AA
KIA	ED	AF
KIA	EV2	AF
KIA	EV3	AF
KIA	EV4	AA
KIA	EV4	AF
KIA	EV5	AF
KIA	EV6	AF
KIA	EV9	AF
KIA	JB	AF
KIA	JOICE	AC
KIA	MAGENTIS	AA
KIA	MENTOR	AA
KIA	MORNING	AB
KIA	MORNING	AF
KIA	NIRO	AC
KIA	OPIRUS	AA
KIA	OPTIMA	AA
KIA	OPTIMA	AC
KIA	PICANTO	AB
KIA	PICANTO	AF
KIA	PICANTO KIA SA	AB
KIA	PICANTO SA	AB
KIA	PICANTO SA	AF
KIA	PREGIO	BB
KIA	PREGIO	SA
KIA	PREGIO TCI	BB
KIA	PRIDE	AB
KIA	PROCEED	AB
KIA	PV5	AF
KIA	PV5	BB
KIA	RIO	AB
KIA	RIO	AF
KIA	SELTOS	AC
KIA	SEPHIA	AA
KIA	SHUMA	AB
KIA	SLS	AF
KIA	SORENTO	AC
KIA	SORENTO	AF
KIA	SORENTO	BB
KIA	SORENTO A T	BB
KIA	SORENTO A T TOD	BB
KIA	SORENTO M T	BB
KIA	SORENTO M T TOD	BB
KIA	SORENTO SORENTO VGT AT EST	BB
KIA	SORENTO SORENTO VGT AT TOD	BB
KIA	SORENTO SORENTO VGT MT EST	BB
KIA	SOUL	AB
KIA	SOUL	AF
KIA	SPORTAGE	AC
KIA	SPORTAGE	AF
KIA	SPORTAGE VGT M T	BB
KIA	STINGER	AB
KIA	STONIC	AC
KIA	VENGA	AF
KIA	XCEED	AB
KIA MOTORS	PICANTO SA	AB
KIAMASTER	PICANTO	AB
KNAUS	IMPERIALE TEILINTEGRIERT	SA
KNAUS	ORBITER ALKOVEN	SA
KNAUS	R01	SA
KNAUS	R02	SA
KNAUS	R03	SA
KNAUS	R04	SA
KNAUS	R05	SA
KNAUS	R06	SA
KNAUS	R07	SA
KNAUS	R08	SA
KNAUS	R09	SA
KNAUS	R10	SA
KNAUS	R11	SA
KNAUS	R12	SA
KNAUS	R15	SA
KNAUS	R16	SA
KNAUS	R17	SA
KNAUS	R18	SA
KNAUS	R19	SA
KNAUS	R20	SA
KNAUS	R21	SA
KNAUS	R22	SA
KNAUS	R24	SA
KNAUS	R43	SA
KNAUS	R44	SA
KNAUS	R47	SA
KNAUS	R48	SA
KNAUS	R58	SA
KNAUS	R62	SA
KNAUS	R64	SA
KNAUS	R68	SA
KNAUS	SUN-TRAVELLER ALKOVEN	SA
KNAUS	SUN-TRAVELLER-TI	SA
KNAUS	TOURER	SA
KNAUS	TOURER MQ	SA
KNAUS	TRAVELLER ALKOVEN	SA
KNAUS	VAN-TI MEG	SA
KNAUS	VAN-TI PLUS MEG	SA
KNAUS TABBERT	R05	SA
KNAUS TABBERT	R07	SA
KNAUS TABBERT	R08	SA
KNAUS TABBERT	R11	SA
LA STRADA	AVANTI C	SA
LA STRADA	AVANTI EB	SA
LA STRADA	AVANTI L	SA
LA STRADA	NOVA	SA
LADA	1118	AA
LADA	1119	AB
LADA	1200	AA
LADA	1200 S	AA
LADA	2101	AA
LADA	2104 L STATIONCAR	AC
LADA	2104 L STATIONCAR 5 SPEED	AC
LADA	2104 STATIONCAR	AC
LADA	2105 L	AA
LADA	2107	AA
LADA	2194	AC
LADA	NIVA	AB
LADA	NIVA	AC
LADA	NIVA	AF
LADA	NIVA	BB
LADA	NIVA 21214 I	AB
LADA	NIVA 5 SPEED	AB
LADA	SAMARA	AB
LADA	SAMARA 1 3	AB
LADA-VAZ	NIVA	AB
LADA-VAZ	NIVA	AC
LAIKA	ECOVIP	SA
LAIKA	ECOVIP H4109DS	SA
LAIKA	ECOVIP L3019	SA
LAIKA	KOSMO	SA
LAIKA	KOSMO V9	SA
LAIKA	KREOS	SA
LAIKA	KREOS 3009	SA
LAIKA	KREOS 3010	SA
LAIKA	REXOSLINE	SA
LAIKA	X650R	SA
LAIKA CARAVANS S.P.A.	ECOVIP	SA
LAIKA CARAVANS S.P.A.	KOSMO	SA
LAIKA CARAVANS S.P.A.	KOSMO 509L	SA
LAIKA CARAVANS S.P.A.	KOSMO P	SA
LAIKA CARAVANS S.P.A.	KOSMO V9	SA
LAIKA CARAVANS S.P.A.	KREOS 3008	SA
LAIKA CARAVANS S.P.A.	KREOS 3009	SA
LAIKA CARAVANS S.P.A.	KREOS 4009	SA
LAIKA CARAVANS S.P.A.	KREOS 4012	SA
LAIKA CARAVANS S.P.A.	KREOS 5009	SA
LAIKA CARAVANS S.P.A.	KREOS 5010	SA
LAIKA CARAVANS S.P.A.	KREOS 7009	SA
LAIKA CARAVANS S.P.A.	KREOS 7012	SA
LAIKA CARAVANS S.P.A.	X 660R	SA
LAIKA CARAVANS S.P.A.	X650R	SA
LAIKA CARAVANS S.P.A.	X660R	SA
LAMBORGHINI	147 MURCIELAGO	AD
LAMBORGHINI	AVENTADOR	AD
LAMBORGHINI	AVENTADOR	AE
LAMBORGHINI	DIABLO	AD
LAMBORGHINI	GALLARDO	AD
LAMBORGHINI	GALLARDO	AE
LAMBORGHINI	HURACAN	AD
LAMBORGHINI	HURACAN	AE
LAMBORGHINI	REVUELTO	AD
LAMBORGHINI	URUS	AF
LANCIA	2000 HF COUPE	AD
LANCIA	APPIA	AA
LANCIA	BETA COUPE	AD
LANCIA	BETA SPIDER	AE
LANCIA	DEDRA	AA
LANCIA	DEDRA	AC
LANCIA	DEDRA I.E	AA
LANCIA	DELTA	AB
LANCIA	DELTA	AC
LANCIA	DELTA	AF
LANCIA	DELTA HF	AB
LANCIA	DELTA HF INTEGRALE	AB
LANCIA	DELTA HPE	AB
LANCIA	DELTA I.E	AB
LANCIA	FLAMINIA	AD
LANCIA	FLAVIA	AA
LANCIA	FLAVIA	AD
LANCIA	FLAVIA	AE
LANCIA	FLAVIA COUPE	AD
LANCIA	FULVIA	AA
LANCIA	FULVIA	AD
LANCIA	FULVIA 2ND SERIES	AA
LANCIA	FULVIA 2ND SERIES	AD
LANCIA	FULVIA COUPE	AD
LANCIA	FULVIA RALLYE COUPE	AD
LANCIA	GAMMA COUPE	AD
LANCIA	HPEXECUTIVE I.E	AB
LANCIA	HPEXECUTIVE VOLUMEX	AD
LANCIA	K COUPE	AD
LANCIA	K S.W	AC
LANCIA	LYBRA	AA
LANCIA	LYBRA	AC
LANCIA	MUSA	AC
LANCIA	MUSA	AF
LANCIA	PHEDRA	AF
LANCIA	PRISMA	AA
LANCIA	PRISMA I.E	AA
LANCIA	THEMA	AA
LANCIA	THEMA DS	AA
LANCIA	THEMA I.E	AA
LANCIA	THESIS	AA
LANCIA	VOYAGER	AF
LANCIA	VOYAGER	BB
LANCIA	VOYAGER	SD
LANCIA	Y10	AB
LANCIA	Y10 I.E	AB
LANCIA	YPSILON	AB
LANCIA	YPSILON	AF
LAND ROVER	101 FORWARD CONTROL	BB
LAND ROVER	109	AC
LAND ROVER	109	AE
LAND ROVER	109	AF
LAND ROVER	109	BB
LAND ROVER	109	BE
LAND ROVER	109	SA
LAND ROVER	109 4 CYL	AC
LAND ROVER	109 HARD TOP	BB
LAND ROVER	109 HARD-TOP	BB
LAND ROVER	109 METAL TOP	AC
LAND ROVER	109 METAL TOP	BB
LAND ROVER	109 PICK UP	BB
LAND ROVER	109 PICK UP	BE
LAND ROVER	109 STAWAG	AC
LAND ROVER	109 STAWAG	AF
LAND ROVER	109 STAWAG	BB
LAND ROVER	109 STAWAG	SA
LAND ROVER	110	AC
LAND ROVER	110	AE
LAND ROVER	110	AF
LAND ROVER	110	BB
LAND ROVER	110	BE
LAND ROVER	110	SA
LAND ROVER	110 4C D	AC
LAND ROVER	110 4C P	AC
LAND ROVER	110 4C REG D	AC
LAND ROVER	110 COMM	BB
LAND ROVER	110 HARD TOP	BB
LAND ROVER	110 P	AC
LAND ROVER	80	AE
LAND ROVER	88	AC
LAND ROVER	88	AE
LAND ROVER	88	AF
LAND ROVER	88	BB
LAND ROVER	88	BE
LAND ROVER	88 2 1 4 PICK UP	AE
LAND ROVER	88 4 CYL	AC
LAND ROVER	88 METAL TOP	AC
LAND ROVER	88 METAL TOP	BB
LAND ROVER	88 PICK UP	AC
LAND ROVER	88 PICK UP	AE
LAND ROVER	88 PICK UP	BB
LAND ROVER	88 PICK UP	BE
LAND ROVER	88 SERIE III	AC
LAND ROVER	88 STAWAG	AC
LAND ROVER	88 STAWAG	AE
LAND ROVER	90	AC
LAND ROVER	90	AE
LAND ROVER	90	AF
LAND ROVER	90	BB
LAND ROVER	90	BE
LAND ROVER	90 HARD TOP	AC
LAND ROVER	90 HARD TOP	BB
LAND ROVER	90 STATIONWAGEN	AC
LAND ROVER	DEFENDER	AC
LAND ROVER	DEFENDER	BB
LAND ROVER	DEFENDER COMMERCIAL	BB
LAND ROVER	DEFENDER COMMERCIAL HD	BB
LAND ROVER	DEFENDER CREW	BE
LAND ROVER	DEFENDER HARD TOP	BB
LAND ROVER	DEFENDER HARD TOP HR	BB
LAND ROVER	DEFENDER ST.WA.COMM	BB
LAND ROVER	DEFENDER TD5	BB
LAND ROVER	DEFENDER TD5 CREW	BE
LAND ROVER	DEFENDER TD5 HARD TOP	BB
LAND ROVER	DEFENDER TD5 HARD TOP HR	BB
LAND ROVER	DEFENDER TD5 HARD TOP.HR	BB
LAND ROVER	DEFENDER TD5 ST WA HR	BB
LAND ROVER	DEFENDER TD5 ST.WA.HR	BB
LAND ROVER	DISCOVERY	AC
LAND ROVER	DISCOVERY	BB
LAND ROVER	DISCOVERY 3	AC
LAND ROVER	DISCOVERY 3	AF
LAND ROVER	DISCOVERY 3	BB
LAND ROVER	DISCOVERY 3 DPF COMMERCIAL	BB
LAND ROVER	DISCOVERY 4	AC
LAND ROVER	DISCOVERY 4	BB
LAND ROVER	DISCOVERY 4 COMMERCIAL	BB
LAND ROVER	DISCOVERY COMM	BB
LAND ROVER	DISCOVERY COMM.HI-ROOF	BB
LAND ROVER	DISCOVERY COMMERCIAL	BB
LAND ROVER	DISCOVERY II TD 5 SLS COMM	BB
LAND ROVER	DISCOVERY II TD5 COMM	BB
LAND ROVER	DISCOVERY II TD5 SLS COMM	BB
LAND ROVER	DISCOVERY SERIES II	AC
LAND ROVER	DISCOVERY SERIES II	AF
LAND ROVER	DISCOVERY SERIES II	BB
LAND ROVER	DISCOVERY TD 5 COMM	BB
LAND ROVER	DISCOVERY TD 5 SLS COMM	BB
LAND ROVER	DISCOVERY V8I	AC
LAND ROVER	ESTATE	AC
LAND ROVER	EVOQUE	AC
LAND ROVER	EVOQUE	AF
LAND ROVER	FREELANDER	AC
LAND ROVER	FREELANDER	AE
LAND ROVER	FREELANDER	BB
LAND ROVER	FREELANDER 2	AC
LAND ROVER	FREELANDER 2	BB
LAND ROVER	FREELANDER 2 COMMERCIAL	BB
LAND ROVER	FREELANDER 3-DEURS COMMERCIAL	BB
LAND ROVER	FREELANDER DI	BB
LAND ROVER	FREELANDER TD4 3-DEURS COMMERCIAL	BB
LAND ROVER	FREELANDER TD4 5-DEURS COMMERCIAL	BB
LAND ROVER	HARD TOP	AC
LAND ROVER	HARD TOP	BB
LAND ROVER	LA	BB
LAND ROVER	LAND ROVER	AC
LAND ROVER	LANDROVER	AC
LAND ROVER	LANDROVER	AE
LAND ROVER	LANDROVER	BB
LAND ROVER	LANDROVER	BE
LAND ROVER	LD	BB
LAND ROVER	LD HT	AF
LAND ROVER	LD HT CAR	AC
LAND ROVER	LR	AC
LAND ROVER	LR	BB
LAND ROVER	LR 4C	AC
LAND ROVER	LR 4C REG	AC
LAND ROVER	LR 4C REG	AF
LAND ROVER	LR 4C REG	BB
LAND ROVER	LR3	AC
LAND ROVER	LT	BB
LAND ROVER	RANGE LM	BB
LAND ROVER	RANGE ROVER	AC
LAND ROVER	RANGE ROVER	BB
LAND ROVER	RANGE ROVER CLASSIC	AC
LAND ROVER	RANGE ROVER COMMERCIAL	BB
LAND ROVER	RANGE ROVER EVOQUE	AC
LAND ROVER	RANGE ROVER EVOQUE	AD
LAND ROVER	RANGE ROVER EVOQUE	AE
LAND ROVER	RANGE ROVER HSE	AC
LAND ROVER	RANGE ROVER LSE	AC
LAND ROVER	RANGE ROVER S C	AC
LAND ROVER	RANGE ROVER S SC	AC
LAND ROVER	RANGE ROVER TD	AC
LAND ROVER	RANGE ROVER VELAR	AC
LAND ROVER	RANGEROVER	AC
LAND ROVER	RANGEROVER S SC	AC
LAND ROVER	SANTANA	AC
LAND ROVER	SANTANA	AF
LAND ROVER	STATIONWAGEN	AC
LAND ROVER	STATIONWAGEN	SA
LANDWIND	CV9	AC
LDV	LDVV ET	BB
LDV	MAXUS	BB
LDV	MAXUS HR	BB
LDV	MAXUS LR	BB
LE VOYAGEUR	SERIE 8	SA
LEAPMOTOR	B05	AB
LEAPMOTOR	B10	AB
LEAPMOTOR	C10	AB
LEAPMOTOR	T03	AB
LEVC	TX	AA
LEXUS	CT200H	AB
LEXUS	ES300H	AA
LEXUS	GS250	AA
LEXUS	GS300	AA
LEXUS	GS300H	AA
LEXUS	GS430	AA
LEXUS	GS450H	AA
LEXUS	GS460	AA
LEXUS	IS	AA
LEXUS	IS F	AA
LEXUS	IS200	AA
LEXUS	IS200	AC
LEXUS	IS220D	AA
LEXUS	IS250	AA
LEXUS	IS250C	AE
LEXUS	IS300	AA
LEXUS	IS300	AC
LEXUS	IS300H	AA
LEXUS	LBX	AC
LEXUS	LC500	AD
LEXUS	LC500	AE
LEXUS	LC500H	AD
LEXUS	LS	AA
LEXUS	LS400	AA
LEXUS	LS430	AA
LEXUS	LS460	AA
LEXUS	LS500H	AA
LEXUS	LS600H	AA
LEXUS	LS600HL	AA
LEXUS	LX	AC
LEXUS	LX	AF
LEXUS	LX470	AC
LEXUS	NX200T	AF
LEXUS	NX300H	AF
LEXUS	NX350H	AF
LEXUS	NX450H+	AF
LEXUS	RC F	AD
LEXUS	RC300H	AD
LEXUS	RX	AC
LEXUS	RX	AF
LEXUS	RX300	AC
LEXUS	RX300	AF
LEXUS	RX350	AC
LEXUS	RX350	AF
LEXUS	RX400H	AC
LEXUS	RX400H	AF
LEXUS	RX450H	AC
LEXUS	RX450H	AF
LEXUS	RX450H+	AF
LEXUS	RX450HL	AF
LEXUS	RX500H	AF
LEXUS	RZ300E	AF
LEXUS	RZ350E	AF
LEXUS	RZ450E	AF
LEXUS	RZ500E	AF
LEXUS	RZ550E	AF
LEXUS	SC	AD
LEXUS	SC	AE
LEXUS	SC430	AE
LEXUS	UX200	AB
LEXUS	UX250H	AB
LEXUS	UX300E	AB
LEXUS	UX300H	AB
LEYLAND	SHERPA	SA
LEYLAND-DEN OUDSTEN	LOB	CA
LINCOLN	CONTINENTAL	AA
LINCOLN	CONTINENTAL	AD
LINCOLN	CONTINENTAL	AE
LINCOLN	CONTINENTAL MARK III	AD
LINCOLN	CONTINENTAL MARK IV	AA
LINCOLN	CONTINENTAL MARK IV	AD
LINCOLN	CONTINENTAL MARK V	AA
LINCOLN	CONTINENTAL MARK V	AD
LINCOLN	MARK VIII	AA
LINCOLN	MK VII	AA
LINCOLN	MKZ	AA
LINCOLN	NAVIGATOR	AC
LINCOLN	NAVIGATOR	AF
LINCOLN	TOWN CAR	AA
LINCOLN	TOWN CAR	SD
LINCOLN	TOWNCAR	AA
LMC	654 G TI	SA
LMC	662 TI	SA
LMC	A694	SA
LMC	C540	SA
LMC	C590	SA
LMC	C592	SA
LMC	C600	SA
LMC	C640	SA
LMC	H607	SA
LMC	H730	SA
LMC	H737	SA
LMC	I695	SA
LMC	I730	SA
LMC	I735	SA
LMC	LIBERTY	SA
LMC	LIBERTY A G	SA
LMC	LIBERTY G	SA
LMC	LIBERTY G A	SA
LMC	LIBERTY I	SA
LMC	LIBERTY I 675-5G	SA
LMC	LIBERTY T 674-2G	SA
LMC	LIBERTY TI	SA
LMC	LIBERTY V 643-3G	SA
LMC	T632	SA
LMC	T638	SA
LMC	T660	SA
LMC	T662	SA
LMC	T668	SA
LMC	T670	SA
LMC	T672	SA
LMC	T692	SA
LMC	T711	SA
LMC	T712	SA
LMC	T722	SA
LMC	T730	SA
LMC	T731	SA
LMC	T732	SA
LMC	T748	SA
LMC	TI	SA
LMC	V636	SA
LMC	V640	SA
LMC	V643	SA
LMC	V646	SA
LOTUS	ELAN	AE
LOTUS	ELETRE	AF
LOTUS	ELISE	AE
LOTUS	ELISE 111R	AE
LOTUS	ELISE 111S	AE
LOTUS	ELISE LHD & RHD	AE
LOTUS	ELISE SUPERCHARGED	AE
LOTUS	EMEYA	AB
LOTUS	EMIRA	AD
LOTUS	ESPRIT	AD
LOTUS	EUROPA	AD
LOTUS	EVORA	AD
LOTUS	EXIGE	AD
LUCID MOTORS	AIR	AA
LUCID MOTORS	LUCID GRAVITY	AF
LYNK&CO	LYNK & CO	AB
LYNK&CO	LYNK & CO	AC
LYNK&CO	LYNK &CO	AC
M.A.N.	TGE	SA
M.A.N.	TGE	SC
M.A.N.	TGL BL	SA
MAESSS	MINI 1	SA
MAGIRUS-DEUTZ	MAGIRUS R	SA
MAGIRUS-DEUTZ	S 3500	BB
MAGIRUS-DEUTZ	S 3500	SA
MAGIRUS-DEUTZ	S-3500	BB
MAGIRUS-DEUTZ	S-3500	SA
MAN	8 FL	BB
MAN	JF MAN KST01	BB
MAN	L20	BB
MAN	LION S	CA
MAN	LION S COACH	CA
MAN	LION S COACH L	CA
MAN	LION'S	CA
MAN	LION'S COACH	CA
MAN	LION'S COACH C	CA
MAN	LION'S COACH L	CA
MAN	LION'S E LE	CA
MAN	LION'S L	CA
MAN	LION'S LLE	CA
MAN	LIONS	CA
MAN	LIONS COACH	CA
MAN	LIONS EEV	CA
MAN	LIONS LLE	CA
MAN	M39	BB
MAN	N15	BB
MAN	TGE	BB
MAN	TGE	BE
MAN	TGL	BB
MAN	TGL	BE
MAN	TGL BB	BB
MAN	TGL BL	BB
MAN	TGL BL	SA
MAN	TGL BL EEV	BB
MAN	TGM	BB
MAN	TGM	BE
MAN	TGM BL	BB
MAN	TGM BL EEV	BB
MAN	TGS	BB
MAN	TGS	BE
MAN	TGX	BB
MAN	TGX	BE
MAN	VETH ETGE KEPRS	BB
MAN-VW	F-Z	BB
MASERATI	222	AA
MASERATI	3200	AD
MASERATI	3500	AD
MASERATI	430	AA
MASERATI	BITURBO	AA
MASERATI	CAMBIOCORSA COUPE	AD
MASERATI	GHIBLI	AA
MASERATI	GHIBLI	AD
MASERATI	GHIBLI S Q4	AA
MASERATI	GRANCABRIO	AE
MASERATI	GRANCABRIO MC	AE
MASERATI	GRANSPORT	AD
MASERATI	GRANSPORT SPYDER	AE
MASERATI	GRANTURISMO	AD
MASERATI	GRANTURISMO MC STRADALE	AD
MASERATI	GRECALE	AC
MASERATI	GRECALE FOLGORE	AC
MASERATI	GRECALE MODENA	AC
MASERATI	GRECALE TROFEO	AC
MASERATI	GT COUPE	AD
MASERATI	INDY	AD
MASERATI	LEVANTE	AC
MASERATI	LEVANTE TROFEO	AC
MASERATI	MC20	AD
MASERATI	MC20 CIELO	AE
MASERATI	QUATTROPORTE	AA
MASERATI	QUATTROPORTE 4900	AA
MASERATI	QUATTROPORTE EVOLUZIONE	AA
MASERATI	QUATTROPORTE S Q4	AA
MASERATI	SPIDER	AE
MASERATI	SPYDER	AE
MASERATI	SPYDER CAMBIOCORSA	AE
MATRA	TALBOT MURENA	AD
MATRA	TALBOT MURENA S	AD
MAX	ROADSTER	AE
MAXUS	DELIVER 9	BB
MAXUS	E-DELIVER 3	BB
MAXUS	E-DELIVER 9	BB
MAXUS	EDELIVER 5	BB
MAXUS	EDELIVER 7	BB
MAXUS	EDELIVER 9	BB
MAXUS	ETERRON9	BE
MAXUS	EV80	BB
MAXUS	MAXUS EDELIVER3	BB
MAXUS	T90 EV	BE
MAXUS	V80	BB
MAYBACH	MAYBACH	AA
MAZDA	121	AA
MAZDA	121	AB
MAZDA	121 CTX	AB
MAZDA	121 TOP CABRIOLET	AA
MAZDA	121 TOP CABRIOLET	AB
MAZDA	121 YES	AA
MAZDA	2	AB
MAZDA	2	AC
MAZDA	3	AA
MAZDA	3	AB
MAZDA	3 MPS	AB
MAZDA	323	AA
MAZDA	323	AB
MAZDA	323	AC
MAZDA	323 COUPE	AB
MAZDA	323 ENSIGN	AA
MAZDA	323 F	AB
MAZDA	323 F GX	AB
MAZDA	323 F MILLIONAIRE	AB
MAZDA	323 FORMULE4	AB
MAZDA	323 HATCHB	AB
MAZDA	323 LXU9	AB
MAZDA	323 MILLIONAIRE	AB
MAZDA	323 P	AB
MAZDA	323 SOLID	AB
MAZDA	323HATCHBACK GLXK6	AB
MAZDA	323SEDAN AUTU9	AA
MAZDA	323SEDAN MILLIONAIRE	AA
MAZDA	5	AF
MAZDA	6	AA
MAZDA	6	AB
MAZDA	6	AC
MAZDA	6 MPS	AA
MAZDA	626	AA
MAZDA	626	AB
MAZDA	626	AC
MAZDA	626 COUPE	AA
MAZDA	626 GLXK6	AB
MAZDA	626 HATCHB	AB
MAZDA	626 KAT.K6	AB
MAZDA	626COUPE AUT.K6	AA
MAZDA	626HATCHBACK CAPELLA	AB
MAZDA	929	AA
MAZDA	929	AD
MAZDA	CX-3	AC
MAZDA	CX-30	AC
MAZDA	CX-5	AC
MAZDA	CX-60	AC
MAZDA	CX-7	AC
MAZDA	CX-7	AF
MAZDA	CX-80	AC
MAZDA	CX-9	AC
MAZDA	CX-9	AF
MAZDA	CX5	AC
MAZDA	CX5	AF
MAZDA	CX7	AC
MAZDA	CX9	AC
MAZDA	DEMIO	AC
MAZDA	E GESL BESTELWAGEN	BB
MAZDA	E2200 DUBBELE CABINE	BB
MAZDA	E2200 GESLOTEN	BB
MAZDA	MAZDA2	AB
MAZDA	MAZDA3	AA
MAZDA	MAZDA3	AB
MAZDA	MAZDA6	AA
MAZDA	MAZDA6	AC
MAZDA	MIATA	AE
MAZDA	MIATA MX-5	AE
MAZDA	MIATA MX5	AE
MAZDA	MPV	AC
MAZDA	MX 5	AE
MAZDA	MX-3	AD
MAZDA	MX-30	AC
MAZDA	MX-5	AE
MAZDA	MX-5 MIATA	AE
MAZDA	MX-6	AA
MAZDA	MX5	AE
MAZDA	MX5 MIATA	AE
MAZDA	NA CABRIOLET	AE
MAZDA	NB	AE
MAZDA	PREMACY	AC
MAZDA	PREMACY DITD	BB
MAZDA	RX 7	AD
MAZDA	RX-7	AD
MAZDA	RX-7 2 CABRIOLET	AE
MAZDA	RX-7 II	AD
MAZDA	RX-7 TWIN	AD
MAZDA	RX-8	AA
MAZDA	RX-8	AD
MAZDA	RX7	AD
MAZDA	TRIBUTE	AC
MAZDA	XEDOS 6	AA
MAZDA	XEDOS 9	AA
MAZDA	XEDOS-6	AA
MC LAREN	ARTURA SPIDER	AE
MC LAREN	MCLAREN	AD
MC LAREN	MCLAREN 570S COUPE	AD
MC LAREN	MCLAREN 570S SPIDER	AE
MC LAREN	MCLAREN 600LT SPIDER	AE
MC LAREN	MCLAREN 650S SPIDER	AE
MC LAREN	MCLAREN 720S COUPE	AD
MC LAREN	MCLAREN 720S SPIDER	AE
MC LAREN	MP4-12C	AD
MC LAREN	MP4-12C	AE
MC LOUIS	473	SA
MC LOUIS	479	SA
MC LOUIS	BLUE LINE	SA
MC LOUIS	CARAT	SA
MC LOUIS	GLAMYS	SA
MC LOUIS	KARAT	SA
MC LOUIS	M700	SA
MC LOUIS	MC4	SA
MC LOUIS	MC4-60	SA
MC LOUIS	MC4-73G	SA
MC LOUIS	MC4-74G	SA
MC LOUIS	MC4-78	SA
MC LOUIS	MENFYS 3	SA
MC LOUIS	MENFYS 4	SA
MC LOUIS	NESS	SA
MC LOUIS	NEVIS	SA
MC LOUIS	NEVIS 876G	SA
MC LOUIS	P700	SA
MC LOUIS	SOVEREIGN	SA
MC LOUIS	SOVEREIGN 73G	SA
MC LOUIS	SOVEREIGN 74G	SA
MC LOUIS	TANDY	SA
MC LOUIS	TANDY 676G	SA
MC LOUIS	TWID	SA
MC LOUIS	TWID 73G	SA
MC LOUIS	YEARLING	SA
MC LOUIS SPA	264 P	SA
MC LOUIS SPA	363 P	SA
MC LOUIS SPA	GAMMA	SA
MC LOUIS SPA	M110	SA
MC LOUIS SPA	M700	SA
MC LOUIS SPA	P210	SA
MC LOUIS SPA	P700	SA
MCLOUIS	MC LOUIS P700	SA
MCLOUIS	NEVIS	SA
MEGA	TJAFFER CABRIOLET	AE
MELEX	N.CAR	BB
MERCEDES-BENZ	1	BB
MERCEDES-BENZ	107	AE
MERCEDES-BENZ	1114	BB
MERCEDES-BENZ	1117	BB
MERCEDES-BENZ	113	BB
MERCEDES-BENZ	116	AA
MERCEDES-BENZ	121	AA
MERCEDES-BENZ	123	AA
MERCEDES-BENZ	124	AA
MERCEDES-BENZ	126	AA
MERCEDES-BENZ	1317 L	BB
MERCEDES-BENZ	163	BB
MERCEDES-BENZ	170	AE
MERCEDES-BENZ	180	AA
MERCEDES-BENZ	190	AA
MERCEDES-BENZ	190E ECE	AA
MERCEDES-BENZ	200	AA
MERCEDES-BENZ	201	AA
MERCEDES-BENZ	208	BB
MERCEDES-BENZ	208	SA
MERCEDES-BENZ	219	AA
MERCEDES-BENZ	220	AA
MERCEDES-BENZ	220	AE
MERCEDES-BENZ	230	AA
MERCEDES-BENZ	230	AC
MERCEDES-BENZ	230	AD
MERCEDES-BENZ	230	AE
MERCEDES-BENZ	230-4	AA
MERCEDES-BENZ	230-6	AA
MERCEDES-BENZ	240	AA
MERCEDES-BENZ	240	AC
MERCEDES-BENZ	250	AA
MERCEDES-BENZ	260	AA
MERCEDES-BENZ	272	AC
MERCEDES-BENZ	28	SA
MERCEDES-BENZ	280	AA
MERCEDES-BENZ	280	AC
MERCEDES-BENZ	280	AE
MERCEDES-BENZ	300	AA
MERCEDES-BENZ	300	AC
MERCEDES-BENZ	300	AE
MERCEDES-BENZ	308	AF
MERCEDES-BENZ	308	BB
MERCEDES-BENZ	308	SA
MERCEDES-BENZ	310	AC
MERCEDES-BENZ	310	AF
MERCEDES-BENZ	310	BB
MERCEDES-BENZ	310	SA
MERCEDES-BENZ	312	SA
MERCEDES-BENZ	320	AE
MERCEDES-BENZ	35	SA
MERCEDES-BENZ	380	AA
MERCEDES-BENZ	4	BB
MERCEDES-BENZ	408	BB
MERCEDES-BENZ	409	BB
MERCEDES-BENZ	410	SA
MERCEDES-BENZ	435	AE
MERCEDES-BENZ	447	AE
MERCEDES-BENZ	460	AC
MERCEDES-BENZ	460.2	AC
MERCEDES-BENZ	460.3	AC
MERCEDES-BENZ	463	AC
MERCEDES-BENZ	500	AA
MERCEDES-BENZ	508	SA
MERCEDES-BENZ	510	BB
MERCEDES-BENZ	600	AA
MERCEDES-BENZ	602	SA
MERCEDES-BENZ	608	BB
MERCEDES-BENZ	611	SA
MERCEDES-BENZ	638	SA
MERCEDES-BENZ	639	BB
MERCEDES-BENZ	639	SA
MERCEDES-BENZ	670.3	BB
MERCEDES-BENZ	8	AA
MERCEDES-BENZ	814	BB
MERCEDES-BENZ	814	SA
MERCEDES-BENZ	901.6 208CDI	BB
MERCEDES-BENZ	901.6 208CDI	SA
MERCEDES-BENZ	901.6 211CDI	BB
MERCEDES-BENZ	901.6 211CDI	SA
MERCEDES-BENZ	901.6 213CDI	BB
MERCEDES-BENZ	901.6 213CDI	SA
MERCEDES-BENZ	902.6	SA
MERCEDES-BENZ	902.6 208CDI	BB
MERCEDES-BENZ	902.6 208CDI	SA
MERCEDES-BENZ	902.6 211CDI	BB
MERCEDES-BENZ	902.6 211CDI	SA
MERCEDES-BENZ	902.6 213CDI	BB
MERCEDES-BENZ	902.6 213CDI	SA
MERCEDES-BENZ	902.6 216CDI	BB
MERCEDES-BENZ	902.6 216CDI	SA
MERCEDES-BENZ	902.6 KA	BB
MERCEDES-BENZ	902.6 KA	SA
MERCEDES-BENZ	903	SA
MERCEDES-BENZ	903.6	BB
MERCEDES-BENZ	903.6	SA
MERCEDES-BENZ	903.6 308CDI	BB
MERCEDES-BENZ	903.6 308CDI	SA
MERCEDES-BENZ	903.6 311CDI	BB
MERCEDES-BENZ	903.6 311CDI	SA
MERCEDES-BENZ	903.6 313CDI	BB
MERCEDES-BENZ	903.6 313CDI	SA
MERCEDES-BENZ	903.6 316CDI	BB
MERCEDES-BENZ	903.6 316CDI	SA
MERCEDES-BENZ	903.6 KA	BB
MERCEDES-BENZ	903.6 KA	SA
MERCEDES-BENZ	903.6 P	BB
MERCEDES-BENZ	903.6 P	SA
MERCEDES-BENZ	904	SA
MERCEDES-BENZ	904.6	BB
MERCEDES-BENZ	904.6	SA
MERCEDES-BENZ	904.6 413CDI	BB
MERCEDES-BENZ	904.6 416CDI	BB
MERCEDES-BENZ	905.6	SA
MERCEDES-BENZ	906	BB
MERCEDES-BENZ	906	SA
MERCEDES-BENZ	914	BB
MERCEDES-BENZ	950.53	BB
MERCEDES-BENZ	970.01	BB
MERCEDES-BENZ	970.02	BB
MERCEDES-BENZ	970.21	BB
MERCEDES-BENZ	970.22	BB
MERCEDES-BENZ	970.25	BB
MERCEDES-BENZ	A-CLASS	AA
MERCEDES-BENZ	A-CLASS	AC
MERCEDES-BENZ	AC-CLASS	AF
MERCEDES-BENZ	AC-CLASS	BB
MERCEDES-BENZ	AC-CLASS	SA
MERCEDES-BENZ	ACTROS	BB
MERCEDES-BENZ	ACTROS	BE
MERCEDES-BENZ	ACTROS L	BB
MERCEDES-BENZ	AMG	AC
MERCEDES-BENZ	AMG 4 MATIC+	AC
MERCEDES-BENZ	AMG A	AA
MERCEDES-BENZ	AMG A	AC
MERCEDES-BENZ	AMG A S	AC
MERCEDES-BENZ	AMG C	AA
MERCEDES-BENZ	AMG C	AC
MERCEDES-BENZ	AMG C	AD
MERCEDES-BENZ	AMG C	AE
MERCEDES-BENZ	AMG C S	AA
MERCEDES-BENZ	AMG C S	AC
MERCEDES-BENZ	AMG C S	AD
MERCEDES-BENZ	AMG C S	AE
MERCEDES-BENZ	AMG C S E	AA
MERCEDES-BENZ	AMG C S E	AC
MERCEDES-BENZ	AMG C63	AC
MERCEDES-BENZ	AMG C63 S	AC
MERCEDES-BENZ	AMG CLA	AA
MERCEDES-BENZ	AMG CLA	AC
MERCEDES-BENZ	AMG CLA S	AA
MERCEDES-BENZ	AMG CLA S	AC
MERCEDES-BENZ	AMG CLE	AD
MERCEDES-BENZ	AMG CLE	AE
MERCEDES-BENZ	AMG CLS	AA
MERCEDES-BENZ	AMG E	AA
MERCEDES-BENZ	AMG E	AC
MERCEDES-BENZ	AMG E	AD
MERCEDES-BENZ	AMG E	AE
MERCEDES-BENZ	AMG E S	AA
MERCEDES-BENZ	AMG E S	AC
MERCEDES-BENZ	AMG EQE	AA
MERCEDES-BENZ	AMG EQE	AC
MERCEDES-BENZ	AMG EQS	AA
MERCEDES-BENZ	AMG G	AC
MERCEDES-BENZ	AMG G	BB
MERCEDES-BENZ	AMG GLA	AC
MERCEDES-BENZ	AMG GLA S	AC
MERCEDES-BENZ	AMG GLB	AC
MERCEDES-BENZ	AMG GLC	AB
MERCEDES-BENZ	AMG GLC	AC
MERCEDES-BENZ	AMG GLC 63S E	AB
MERCEDES-BENZ	AMG GLC 63S E	AC
MERCEDES-BENZ	AMG GLC S	AB
MERCEDES-BENZ	AMG GLC S	AC
MERCEDES-BENZ	AMG GT	AC
MERCEDES-BENZ	AMG GT	AD
MERCEDES-BENZ	AMG GT	AE
MERCEDES-BENZ	AMG S	AA
MERCEDES-BENZ	AMG S	AC
MERCEDES-BENZ	AMG S	AD
MERCEDES-BENZ	AMG S	AE
MERCEDES-BENZ	AMG S E	AA
MERCEDES-BENZ	AMG S63	AD
MERCEDES-BENZ	AMG S63	AE
MERCEDES-BENZ	AMG SL	AE
MERCEDES-BENZ	AMG SL S E	AE
MERCEDES-BENZ	AMG SL63	AE
MERCEDES-BENZ	AMG SLC	AE
MERCEDES-BENZ	ANTOS	BB
MERCEDES-BENZ	ANTOS	BE
MERCEDES-BENZ	AROCS	BE
MERCEDES-BENZ	ATEGO	BB
MERCEDES-BENZ	ATEGO L	BB
MERCEDES-BENZ	AUTOMATIC	AA
MERCEDES-BENZ	AXOR L	BB
MERCEDES-BENZ	B-CLASS	AC
MERCEDES-BENZ	BM-CLASS	SA
MERCEDES-BENZ	C-CLASS	AA
MERCEDES-BENZ	C-CLASS	AC
MERCEDES-BENZ	C-CLASS	AD
MERCEDES-BENZ	CAPACITY L	CA
MERCEDES-BENZ	CD-CLASS	AD
MERCEDES-BENZ	CDI	BB
MERCEDES-BENZ	CDI F	BB
MERCEDES-BENZ	CDI-A	BB
MERCEDES-BENZ	CDI-CLASS	AF
MERCEDES-BENZ	CDI-CLASS	BB
MERCEDES-BENZ	CDI-CLASS	SA
MERCEDES-BENZ	CDI-D	BB
MERCEDES-BENZ	CDI-D	SA
MERCEDES-BENZ	CE	AD
MERCEDES-BENZ	CE ECE	AD
MERCEDES-BENZ	CE-CLASS	AA
MERCEDES-BENZ	CE-CLASS	AD
MERCEDES-BENZ	CE-CLASS	AE
MERCEDES-BENZ	CITAN	AC
MERCEDES-BENZ	CITAN	BB
MERCEDES-BENZ	CITARO	CA
MERCEDES-BENZ	CITARO G	CA
MERCEDES-BENZ	CITARO LE	CA
MERCEDES-BENZ	CL-CLASS	AD
MERCEDES-BENZ	CLA-CLASS	AA
MERCEDES-BENZ	CLA-CLASS	AC
MERCEDES-BENZ	CLC-CLASS	AB
MERCEDES-BENZ	CLC-CLASS	AD
MERCEDES-BENZ	CLE-CLASS	AD
MERCEDES-BENZ	CLE-CLASS	AE
MERCEDES-BENZ	CLK-CLASS	AD
MERCEDES-BENZ	CLK-CLASS	AE
MERCEDES-BENZ	CLS-CLASS	AA
MERCEDES-BENZ	CLS-CLASS	AC
MERCEDES-BENZ	D KA	SA
MERCEDES-BENZ	D OXYKAT	AA
MERCEDES-BENZ	D-CLASS	AA
MERCEDES-BENZ	D-CLASS	BB
MERCEDES-BENZ	D-CLASS	SA
MERCEDES-BENZ	D-I	BB
MERCEDES-BENZ	D-I	SA
MERCEDES-BENZ	D-II	SA
MERCEDES-BENZ	D-III	BB
MERCEDES-BENZ	D-III	SA
MERCEDES-BENZ	D-KA	BB
MERCEDES-BENZ	D-KA	SA
MERCEDES-BENZ	D-X	BB
MERCEDES-BENZ	D-X	SA
MERCEDES-BENZ	D-XI	BB
MERCEDES-BENZ	D-XI	SA
MERCEDES-BENZ	D-XIN	BB
MERCEDES-BENZ	DKA-CLASS	SA
MERCEDES-BENZ	DKB-CLASS	SA
MERCEDES-BENZ	E 4 MATIC	AA
MERCEDES-BENZ	E CITAN	BB
MERCEDES-BENZ	E-CLASS	AA
MERCEDES-BENZ	E-CLASS	AC
MERCEDES-BENZ	E-CLASS	AD
MERCEDES-BENZ	E-CLASS	AE
MERCEDES-BENZ	ECE-CLASS	AA
MERCEDES-BENZ	ECITAN	BB
MERCEDES-BENZ	ECITARO	CA
MERCEDES-BENZ	ECITARO G	CA
MERCEDES-BENZ	EG BMS001	SA
MERCEDES-BENZ	ELECTRIC DRIVE	AC
MERCEDES-BENZ	EQA	AC
MERCEDES-BENZ	EQB	AC
MERCEDES-BENZ	EQC	AC
MERCEDES-BENZ	EQE	AA
MERCEDES-BENZ	EQE	AC
MERCEDES-BENZ	EQS	AA
MERCEDES-BENZ	EQS	AC
MERCEDES-BENZ	EQT-CLASS	AF
MERCEDES-BENZ	EQV	AC
MERCEDES-BENZ	EQV	AF
MERCEDES-BENZ	EQV	BB
MERCEDES-BENZ	EQV	SA
MERCEDES-BENZ	ESPRINTER	BB
MERCEDES-BENZ	G STATIONWAGEN	AC
MERCEDES-BENZ	G-CLASS	AC
MERCEDES-BENZ	G-CLASS	AE
MERCEDES-BENZ	G-CLASS	AF
MERCEDES-BENZ	G-CLASS	BB
MERCEDES-BENZ	GD	AC
MERCEDES-BENZ	GD	BB
MERCEDES-BENZ	GD KORT	BB
MERCEDES-BENZ	GD OPEN	AE
MERCEDES-BENZ	GD STATIONWAGEN	AC
MERCEDES-BENZ	GD STATIONWAGEN	BB
MERCEDES-BENZ	GD-CLASS	AC
MERCEDES-BENZ	GD-CLASS	AE
MERCEDES-BENZ	GD-CLASS	AF
MERCEDES-BENZ	GD-CLASS	BB
MERCEDES-BENZ	GD-CLASS	BE
MERCEDES-BENZ	GE	AC
MERCEDES-BENZ	GE OPEN	AE
MERCEDES-BENZ	GE STATIONWAGEN	AC
MERCEDES-BENZ	GE STATIONWAGEN KORT	AC
MERCEDES-BENZ	GE-CLASS	AC
MERCEDES-BENZ	GE-CLASS	AF
MERCEDES-BENZ	GE-CLASS	BB
MERCEDES-BENZ	GELANDEWAGEN	AC
MERCEDES-BENZ	GELANDEWAGEN	AF
MERCEDES-BENZ	GL-CLASS	AC
MERCEDES-BENZ	GL-CLASS	AF
MERCEDES-BENZ	GL-CLASS	BB
MERCEDES-BENZ	GLA-CLASS	AC
MERCEDES-BENZ	GLB-CLASS	AC
MERCEDES-BENZ	GLC-CLASS	AB
MERCEDES-BENZ	GLC-CLASS	AC
MERCEDES-BENZ	GLE-CLASS	AC
MERCEDES-BENZ	GLE-CLASS	BB
MERCEDES-BENZ	GLK-CLASS	AC
MERCEDES-BENZ	GLK-CLASS	AF
MERCEDES-BENZ	GLK-CLASS	BB
MERCEDES-BENZ	GLS-CLASS	AC
MERCEDES-BENZ	GLS-CLASS	BB
MERCEDES-BENZ	GT C	AE
MERCEDES-BENZ	GT R	AD
MERCEDES-BENZ	HYMER	SA
MERCEDES-BENZ	HYMERMOBIL	SA
MERCEDES-BENZ	INTEGRO	CA
MERCEDES-BENZ	INTEGRO L	CA
MERCEDES-BENZ	INTEGRO M	CA
MERCEDES-BENZ	INTOURO	CA
MERCEDES-BENZ	INTOURO L	CA
MERCEDES-BENZ	INTOURO M	CA
MERCEDES-BENZ	KA-CLASS	BB
MERCEDES-BENZ	KA-CLASS	SA
MERCEDES-BENZ	L-CLASS	BB
MERCEDES-BENZ	L-CLASS	SA
MERCEDES-BENZ	LAF-CLASS	BB
MERCEDES-BENZ	LAF-CLASS	SA
MERCEDES-BENZ	LF-CLASS	AC
MERCEDES-BENZ	LF-CLASS	AF
MERCEDES-BENZ	LF-CLASS	BB
MERCEDES-BENZ	LF-CLASS	SA
MERCEDES-BENZ	LP-CLASS	BB
MERCEDES-BENZ	LP-CLASS	SA
MERCEDES-BENZ	MARCO POLO	SA
MERCEDES-BENZ	MAYBACH EQS	AC
MERCEDES-BENZ	MB E 2 RHD	CA
MERCEDES-BENZ	MB E RHD	CA
MERCEDES-BENZ	MB E UE	CA
MERCEDES-BENZ	MB SPRINTER	CA
MERCEDES-BENZ	MB-CLASS	BB
MERCEDES-BENZ	MB-CLASS	SA
MERCEDES-BENZ	MERCEDES	BB
MERCEDES-BENZ	MERCEDES	SA
MERCEDES-BENZ	ML-CLASS	AC
MERCEDES-BENZ	ML-CLASS	AF
MERCEDES-BENZ	ML-CLASS	BB
MERCEDES-BENZ	MULTI-CAB ABK-2301	BB
MERCEDES-BENZ	MULTI-CAB ABK-2401	BB
MERCEDES-BENZ	O-CLASS	CA
MERCEDES-BENZ	O-CLASS	SA
MERCEDES-BENZ	R-CLASS	AC
MERCEDES-BENZ	R-CLASS	AF
MERCEDES-BENZ	R-CLASS	BB
MERCEDES-BENZ	RAPIDO	SA
MERCEDES-BENZ	S-CLASS	AA
MERCEDES-BENZ	S-CLASS	AD
MERCEDES-BENZ	S.E.L	AA
MERCEDES-BENZ	SB-CLASS	AA
MERCEDES-BENZ	SD	AA
MERCEDES-BENZ	SD-CLASS	AA
MERCEDES-BENZ	SDL-CLASS	AA
MERCEDES-BENZ	SE	AA
MERCEDES-BENZ	SE	AD
MERCEDES-BENZ	SE 3 5	AA
MERCEDES-BENZ	SE-CLASS	AA
MERCEDES-BENZ	SE-CLASS	AD
MERCEDES-BENZ	SE-CLASS	AE
MERCEDES-BENZ	SEC	AD
MERCEDES-BENZ	SEC ECE	AD
MERCEDES-BENZ	SEC-CLASS	AA
MERCEDES-BENZ	SEC-CLASS	AD
MERCEDES-BENZ	SEL	AA
MERCEDES-BENZ	SEL ECE	AA
MERCEDES-BENZ	SEL-CLASS	AA
MERCEDES-BENZ	SL	AE
MERCEDES-BENZ	SL 8	AE
MERCEDES-BENZ	SL ROADSTER	AE
MERCEDES-BENZ	SL-CLASS	AE
MERCEDES-BENZ	SLC-CLASS	AA
MERCEDES-BENZ	SLC-CLASS	AD
MERCEDES-BENZ	SLC-CLASS	AE
MERCEDES-BENZ	SLK-CLASS	AE
MERCEDES-BENZ	SLR MCLAREN	AD
MERCEDES-BENZ	SLR MCLAREN	AE
MERCEDES-BENZ	SLS AMG	AD
MERCEDES-BENZ	SLS AMG	AE
MERCEDES-BENZ	SPRINTER	BB
MERCEDES-BENZ	SPRINTER	SA
MERCEDES-BENZ	T ECE	AC
MERCEDES-BENZ	T-CLASS	AC
MERCEDES-BENZ	T-CLASS	AF
MERCEDES-BENZ	TD	AC
MERCEDES-BENZ	TD OXYKAT	AC
MERCEDES-BENZ	TD TURBODIESEL	AC
MERCEDES-BENZ	TD-CLASS	AA
MERCEDES-BENZ	TD-CLASS	AC
MERCEDES-BENZ	TD-CLASS	BB
MERCEDES-BENZ	TD-I	BB
MERCEDES-BENZ	TE	AC
MERCEDES-BENZ	TE 4 MATIC	AC
MERCEDES-BENZ	TE ECE	AC
MERCEDES-BENZ	TE-CLASS	AC
MERCEDES-BENZ	TN-CLASS	SA
MERCEDES-BENZ	TOURISMO RHD	CA
MERCEDES-BENZ	TOURISMO RHD-L	CA
MERCEDES-BENZ	TOURISMO RHD-M	CA
MERCEDES-BENZ	TOURISMO RHD-M 2A	CA
MERCEDES-BENZ	UNIMOG	BB
MERCEDES-BENZ	UNIMOG S 404.1	BB
MERCEDES-BENZ	V-CLASS	AC
MERCEDES-BENZ	V-CLASS	AF
MERCEDES-BENZ	V-CLASS	BB
MERCEDES-BENZ	V-CLASS	SA
MERCEDES-BENZ	VANEO	AA
MERCEDES-BENZ	VANEO	AC
MERCEDES-BENZ	VANEO	AF
MERCEDES-BENZ	VANEO	BB
MERCEDES-BENZ	VARIO	BB
MERCEDES-BENZ	VARIO	SA
MERCEDES-BENZ	VIANO	AF
MERCEDES-BENZ	VIANO	BB
MERCEDES-BENZ	VIANO	SA
MERCEDES-BENZ	VITO	AF
MERCEDES-BENZ	VITO	BB
MERCEDES-BENZ	W-CLASS	AA
MERCEDES-BENZ	W-CLASS	AE
MERCEDES-BENZ	X-CLASS	BE
MERCURY	CAPRI	AE
MERCURY	COUGAR	AA
MERCURY	COUGAR	AD
MERCURY	COUGAR XR7	AD
MERCURY	GRAND MARQUIS	AA
MERCURY	MARQUIS	AA
MERCURY	MARQUIS BROUGHAM	AA
MERCURY	MARQUIS COLONY PARK	AC
MERCURY	MONARCH	AA
MERCURY	MONTEREY	AA
MERCURY	SABLE	AA
MERCURY	SABLE	AC
MERCUS	MB SPRINTER	CA
MG	1600 A	AE
MG	A CABRIOLET	AE
MG	A TWIN CAM	AE
MG	B CABRIOLET	AE
MG	B.GT	AD
MG	BGT	AD
MG	C-GT	AD
MG	CYBERSTER	AE
MG	EHS	AB
MG	HS	AB
MG	HS HYBRID+	AB
MG	J2	AE
MG	MARVEL R	AB
MG	METRO	AB
MG	MG-B	AE
MG	MG3 HYBRID+	AB
MG	MG4	AB
MG	MG4 EV	AB
MG	MG4 EV URBAN	AB
MG	MG5	AC
MG	MGA	AE
MG	MGA MK II	AE
MG	MGA ROADSTER	AE
MG	MGB	AD
MG	MGB	AE
MG	MGF	AE
MG	MGF VVC	AE
MG	MIDGET	AE
MG	MIDGET CABRIOLET	AE
MG	MIDGET MK III	AE
MG	RD	AE
MG	RD CABRIOLET	AE
MG	RV8	AE
MG	RX6	AB
MG	S5 EV	AB
MG	S6 EV	AB
MG	TA	AE
MG	TC	AE
MG	TD	AE
MG	TD CABRIOLET	AE
MG	TF	AE
MG	ZR	AB
MG	ZS	AA
MG	ZS	AB
MG	ZS EV	AB
MG	ZT	AA
MG	ZT-T	AC
MICRO COMPACT CAR	SMART	AB
MICRO COMPACT CAR SMART	SMART	AB
MICRO COMPACT CAR SMART	SMART	AE
MINI	1000	AA
MINI	1000	AB
MINI	1000	AE
MINI	1000	BB
MINI	1000 E	AA
MINI	1000 E	AE
MINI	1000 HLE	AA
MINI	1000 HLE	AE
MINI	1000 MAYFAIR	AA
MINI	1000 MAYFAIR	AE
MINI	1300	AA
MINI	1300	AE
MINI	1300 COOPER	AA
MINI	1300 COOPER	AE
MINI	850	AE
MINI	ACEMAN	AB
MINI	CLUBMAN	AC
MINI	CLUBMAN COOPER	AC
MINI	CLUBMAN COOPER D	AC
MINI	CLUBMAN COOPER S	AC
MINI	CLUBMAN COOPER SD	AC
MINI	CLUBMAN JCW	AC
MINI	CLUBMAN JOHN COOPER WORKS	AC
MINI	CLUBMAN ONE	AC
MINI	CLUBMAN ONE D	AC
MINI	COOPER	AB
MINI	COOPER	AC
MINI	COOPER	AE
MINI	COOPER C	AB
MINI	COOPER C	AE
MINI	COOPER CABRIOLET	AE
MINI	COOPER CLUBMAN	AC
MINI	COOPER COUNTRYMAN	AC
MINI	COOPER COUPE	AD
MINI	COOPER D CLUBMAN	AC
MINI	COOPER D COUNTRYMAN	AC
MINI	COOPER ROADSTER	AE
MINI	COOPER S CLUBMAN	AC
MINI	COOPER S COUNTRYMAN	AC
MINI	COOPER S ROADSTER	AE
MINI	COOPER SD	AB
MINI	COOPER SD	AC
MINI	COOPER SD CABRIOLET	AE
MINI	COOPER SD CLUBMAN	AC
MINI	COOPER SD COUNTRYMAN	AC
MINI	COUNTRYMAN	AC
MINI	COUNTRYMAN C	AC
MINI	COUNTRYMAN COOPER	AC
MINI	COUNTRYMAN COOPER D	AC
MINI	COUNTRYMAN COOPER S	AC
MINI	COUNTRYMAN COOPER SD	AC
MINI	COUNTRYMAN JCW	AC
MINI	COUNTRYMAN JOHN COOPER WORKS	AC
MINI	COUNTRYMAN ONE	AC
MINI	COUNTYMAN JCW	AC
MINI	JCW	AB
MINI	JCW	AE
MINI	JCW ACEMAN E	AB
MINI	JCW COUNTRYMAN	AC
MINI	JCW E	AB
MINI	JOHN COOPER WORKS	AB
MINI	JOHN COOPER WORKS	AC
MINI	JOHN COOPER WORKS	AE
MINI	JOHN COOPER WORKS CABRIOLET	AE
MINI	JOHN COOPER WORKS CLUBMAN	AC
MINI	JOHN COOPER WORKS COUPE	AD
MINI	JOHN COOPER WORKS GP	AB
MINI	JOHNCOOPERWORKS CABRIOLET	AE
MINI	JOHNCOOPERWORKS ROADSTER	AE
MINI	MINI	AA
MINI	MINI	AB
MINI	MINI	AC
MINI	MINI	AE
MINI	MK II	AA
MINI	ONE	AB
MINI	ONE	AC
MINI	ONE	AE
MINI	ONE CABRIOLET	AE
MINI	ONE CLUBMAN	AC
MINI	ONE COUNTRYMAN	AC
MINI	ONE D	AB
MINI	ONE D	AC
MINI	ONE D CLUBMAN	AC
MINI	ONE D COUNTRYMAN	AC
MINI	ONE FIRST	AB
MINI	SPECIAL	AA
MINI	SPECIAL	AE
MITSUBISHI	3000	AD
MITSUBISHI	3000 SL	AD
MITSUBISHI	3000GT	AD
MITSUBISHI	ASX	AB
MITSUBISHI	ASX	AC
MITSUBISHI	CANTER	BB
MITSUBISHI	CANTER	BE
MITSUBISHI	CANTER 3C13	BB
MITSUBISHI	CANTER 3C15	BB
MITSUBISHI	CARISMA	AA
MITSUBISHI	CARISMA	AB
MITSUBISHI	COLT	AB
MITSUBISHI	COLT	AC
MITSUBISHI	COLT	AE
MITSUBISHI	COLT A T	AB
MITSUBISHI	COLT GLXI	AB
MITSUBISHI	COLT MV	AB
MITSUBISHI	COLT1200	AB
MITSUBISHI	ECLIPSE	AD
MITSUBISHI	ECLIPSE	AE
MITSUBISHI	ECLIPSE CROSS	AB
MITSUBISHI	ECLIPSE CROSS	AC
MITSUBISHI	ECLIPSE GS	AB
MITSUBISHI	ECLIPSE SPYDER	AE
MITSUBISHI	FB 436ECL	BB
MITSUBISHI	FB631	BB
MITSUBISHI	FB634	BB
MITSUBISHI	FB83B	BB
MITSUBISHI	FE 431ECL	BB
MITSUBISHI	FTO	AD
MITSUBISHI	GALANT	AA
MITSUBISHI	GALANT	AB
MITSUBISHI	GALANT	AC
MITSUBISHI	GALANT BACK	AB
MITSUBISHI	GALANT GLSI	AA
MITSUBISHI	GALANT GLSI BACK	AB
MITSUBISHI	GALANT HATCHBACKU9	AB
MITSUBISHI	GRANDIS	AB
MITSUBISHI	GRANDIS	AC
MITSUBISHI	I-MIEV	AC
MITSUBISHI	L PYZL 6	SA
MITSUBISHI	L TON	BB
MITSUBISHI	L030P	SA
MITSUBISHI	L200	BE
MITSUBISHI	L200 CLUB	BE
MITSUBISHI	L300	AF
MITSUBISHI	L300	BB
MITSUBISHI	L300	SA
MITSUBISHI	L300 2500D PANEL LONG	BB
MITSUBISHI	L300 D PANEL	BB
MITSUBISHI	L300 D PANEL LONG	BB
MITSUBISHI	L300 D PV	BB
MITSUBISHI	L300 PANEL	BB
MITSUBISHI	L300 TD	SA
MITSUBISHI	L300 TD DUB.CAB	BB
MITSUBISHI	L300 TD PV	BB
MITSUBISHI	L300 TD PV	SA
MITSUBISHI	L400 TD PV	BB
MITSUBISHI	L400 TD PV	SA
MITSUBISHI	L400 TD PV D.C	BB
MITSUBISHI	LANCER	AA
MITSUBISHI	LANCER	AB
MITSUBISHI	LANCER	AC
MITSUBISHI	LANCER EVO	AA
MITSUBISHI	LANCER EVO IV	AA
MITSUBISHI	LANCER EVOLUTION	AA
MITSUBISHI	LANCER GLD	AC
MITSUBISHI	LANCER GLXI	AA
MITSUBISHI	LANCER GLXI	AC
MITSUBISHI	LANCER GLXI HATCHBACKU9	AB
MITSUBISHI	LANCER MV	AC
MITSUBISHI	MITSUBISHI	BB
MITSUBISHI	MONTERO	AC
MITSUBISHI	OUTLANDER	AC
MITSUBISHI	OUTLANDER INSTYLE PANELVAN	BB
MITSUBISHI	OUTLANDER INSTYLE TC-SST PANELVAN	BB
MITSUBISHI	OUTLANDER PANELVAN	BB
MITSUBISHI	PAJERO	AC
MITSUBISHI	PAJERO	AF
MITSUBISHI	PAJERO	BB
MITSUBISHI	PAJERO A T PV	BB
MITSUBISHI	PAJERO AT PV	BB
MITSUBISHI	PAJERO D METAL TOP	AC
MITSUBISHI	PAJERO DI HRLS	BB
MITSUBISHI	PAJERO DI HRLS A T	BB
MITSUBISHI	PAJERO DI LBHR	BB
MITSUBISHI	PAJERO DI LBHR A T	BB
MITSUBISHI	PAJERO DI LBPV	BB
MITSUBISHI	PAJERO DI LBPV A T	BB
MITSUBISHI	PAJERO DI P.V	BB
MITSUBISHI	PAJERO LB HRLS	BB
MITSUBISHI	PAJERO LB PV	BB
MITSUBISHI	PAJERO LONG BODY	AC
MITSUBISHI	PAJERO METAL TOP	AC
MITSUBISHI	PAJERO MONTERO	AC
MITSUBISHI	PAJERO MONTERO	BB
MITSUBISHI	PAJERO PAJERO AT HRV	BB
MITSUBISHI	PAJERO PAJERO AT PV	BB
MITSUBISHI	PAJERO PININ	AC
MITSUBISHI	PAJERO TD	BB
MITSUBISHI	PAJERO TD HRLS	BB
MITSUBISHI	PAJERO TD HRV	BB
MITSUBISHI	PAJERO TD PANEL	BB
MITSUBISHI	PAJERO TD PV	BB
MITSUBISHI	SAPPORO	AA
MITSUBISHI	SIGMA A T	AA
MITSUBISHI	SPACE	AC
MITSUBISHI	SPACE	AF
MITSUBISHI	SPACE GLXI	AC
MITSUBISHI	SPACE RUNNER	AC
MITSUBISHI	SPACE RUNNER	AF
MITSUBISHI	SPACE RUNNER GLXI	AC
MITSUBISHI	SPACE RUNNER GLXI A T	AC
MITSUBISHI	SPACE STAR	AB
MITSUBISHI	SPACE STAR	AF
MITSUBISHI	STARION INTERC	AB
MITSUBISHI FUSO	CANTER	BB
MITSUBISHI FUSO	CANTER 3C13	BB
MITSUBISHI FUSO	CANTER 3C15	BB
MK INDY	INDY	AE
MK INDY	SPORTS	AE
MOBIL PARTNER	H-SERIES	SA
MOBIL PARTNER	H601	SA
MOBILVETTA	K-SILVER	SA
MOBILVETTA	K-YACHT	SA
MOBILVETTA	K-YACHT TEKNO LINE	SA
MOBILVETTA	KEA M76	SA
MOBILVETTA	KEA P65	SA
MOBILVETTA	MILLER	SA
MOBILVETTA	P600	SA
MOBILVETTA	TORONTO	SA
MOBILVETTA DESIGN	KEA I	SA
MOBILVETTA DESIGN	KROSSER	SA
MOHR	RUSH MKII	AE
MOKE	MOKE	AE
MONCAYO	H-340	SA
MONCAYO	H-421	SA
MONCAYO	H-435	SA
MONCAYO	M-340	SA
MONCAYO	M-735	SA
MONCAYO	M-772	SA
MOOVEO	VAN-63EB	SA
MORELO	PALACE L	SA
MORELO	PALACE LB	SA
MORGAN	4 4 3000	AE
MORGAN	PLUS 4	AE
MORGAN	PLUS 6	AE
MORGAN	PLUS 8	AE
MORGAN	PLUS FOUR	AE
MORGAN	PLUS SIX	AE
MORGAN	ROADSTER	AE
MORRIS	1 4 TON	BB
MORRIS	MINI	AA
MORRIS	MINI MOKE	AE
MORRIS	MINOR	AA
MORRIS	MINOR	AB
MORRIS	MINOR	AC
MORRIS	MINOR	AE
MORRIS	MINOR	BB
MORRIS	MINOR TRAVELLER	AC
MTK	SPRINTER	CA
N.S.U.	RO	AA
NEKAF	1 4 TON	AE
NEKAF	JEEP	AE
NEKAF	JEEP CABRIOLET	AE
NEKAF	JEEP M38A1	AE
NEKAF	M 38A1	AE
NEKAF	M A1	AE
NEKAF	M A1 1 4 TON	AE
NEKAF	M A1 CABRIOLET	AE
NEKAF	M38 A1	AE
NEKAF	M38 A1 CABRIOLET	AE
NEKAF	M38A1	AE
NEKAF	M38A1 1 4 TON	AE
NEKAF	M38A1 CABRIOLET	AE
NEKAF	MD	AE
NIESMANN+BISCHOFF	ARTO 77E	SA
NIESMANN+BISCHOFF	ARTO 88EK	SA
NIESMANN+BISCHOFF	FLAIR	SA
NIESMANN+BISCHOFF	ISMOVE	SA
NIESMANN-BISCHOFF	ARTO	SA
NIESMANN-BISCHOFF	ARTO 72L	SA
NIESMANN-BISCHOFF	ARTO 74L	SA
NIESMANN-BISCHOFF	ARTO 76E	SA
NIESMANN-BISCHOFF	ARTO 76LE	SA
NIESMANN-BISCHOFF	ARTO 77E	SA
NIESMANN-BISCHOFF	ARTO 79F	SA
NIESMANN-BISCHOFF	ARTO 79LE	SA
NIESMANN-BISCHOFF	ARTO 85E	SA
NIESMANN-BISCHOFF	ARTO 88EK	SA
NIESMANN-BISCHOFF	ARTO 88LE	SA
NIESMANN-BISCHOFF	ARTO LE	SA
NIESMANN-BISCHOFF	FLAIR	SA
NIESMANN-BISCHOFF	NB30	SA
NIO	EL6	AC
NIO	EL7	AC
NIO	EL8	AC
NIO	ET5	AA
NIO	ET5	AC
NIO	ET7	AA
NIO	FIREFLY	AC
NISSAN	100NX	AD
NISSAN	200	AD
NISSAN	200SX	AD
NISSAN	300 ZX	AD
NISSAN	300ZX	AD
NISSAN	300ZX TWIN	AD
NISSAN	350 Z	AD
NISSAN	350Z	AD
NISSAN	350Z	AE
NISSAN	370Z	AD
NISSAN	370Z ROADSTER	AE
NISSAN	ALMERA	AA
NISSAN	ALMERA	AB
NISSAN	ALMERA TINO	AF
NISSAN	ALTIMA	AA
NISSAN	ARIYA	AF
NISSAN	ATLEON	BB
NISSAN	BLUEBIRD	AA
NISSAN	BLUEBIRD	AB
NISSAN	BLUEBIRD	AC
NISSAN	CABSTAR	BB
NISSAN	CABSTAR E	BB
NISSAN	CHERRY	AB
NISSAN	CIMA	AA
NISSAN	CUBE	AF
NISSAN	E-NV200	AC
NISSAN	E-NV200	BB
NISSAN	FAIRLADY Z	AD
NISSAN	FIGARO	AA
NISSAN	FIGARO	AD
NISSAN	FIGARO	AE
NISSAN	FX35	AC
NISSAN	GT-R	AD
NISSAN	INFINITI FX35	AC
NISSAN	INFINITI FX45	AC
NISSAN	INTERSTAR	BB
NISSAN	INTERSTAR	SA
NISSAN	INTERSTAR 100.28-308 L	BB
NISSAN	INTERSTAR 100.33-358 M	BB
NISSAN	INTERSTAR 28-308 L	BB
NISSAN	INTERSTAR 33-308 L	BB
NISSAN	INTERSTAR 33-358 M	BB
NISSAN	INTERSTAR 33-358 M	SA
NISSAN	INTERSTAR 35-358 M	BB
NISSAN	INTERSTAR L	BB
NISSAN	INTERSTAR M	BB
NISSAN	INTERSTAR M	SA
NISSAN	JUKE	AF
NISSAN	KUBISTAR	BB
NISSAN	KUBISTAR GV	BB
NISSAN	LAUREL	AA
NISSAN	LAUREL SGL	AA
NISSAN	LEAF	AB
NISSAN	LEAF	AF
NISSAN	LEAF 24KWH	AF
NISSAN	LEAF 30KWH	AF
NISSAN	LEAF 40KWH	AF
NISSAN	LEAF 62KWH	AF
NISSAN	MAXIMA	AA
NISSAN	MAXIMA QX	AA
NISSAN	MAXIMA QX	AB
NISSAN	MICRA	AB
NISSAN	MICRA	AF
NISSAN	MICRA 3HB	AB
NISSAN	MICRA 3HB SUPER S	AB
NISSAN	MICRA 5-SPEED	AB
NISSAN	MICRA 5HB	AB
NISSAN	MURANO	AC
NISSAN	MURANO	AF
NISSAN	NAVARA	BB
NISSAN	NAVARA	BE
NISSAN	NAVARA KING DPF	BE
NISSAN	NOTE	AC
NISSAN	NOTE	AF
NISSAN	NP300 NAVARA	BE
NISSAN	NV200	AC
NISSAN	NV200	AF
NISSAN	NV200	BB
NISSAN	NV250	BB
NISSAN	NV300	BB
NISSAN	NV400	BB
NISSAN	NV400	BE
NISSAN	NV400	SA
NISSAN	PAO	AB
NISSAN	PATHFINDER	AC
NISSAN	PATHFINDER	AF
NISSAN	PATHFINDER	BB
NISSAN	PATHFINDER DPF	BB
NISSAN	PATROL	AC
NISSAN	PATROL	AF
NISSAN	PATROL	BB
NISSAN	PATROL DI	BB
NISSAN	PATROL DT	BB
NISSAN	PATROL GR	AC
NISSAN	PATROL GR	AF
NISSAN	PATROL GR	BB
NISSAN	PATROL GR DI	BB
NISSAN	PATROL GR DI HTP	BB
NISSAN	PATROL GR DT	BB
NISSAN	PATROL GR DT HTP	BB
NISSAN	PATROL GR HTP	BB
NISSAN	PATROL R HTP	BB
NISSAN	PICKUP KING	BE
NISSAN	PICKUP KING	SA
NISSAN	PIXO	AB
NISSAN	PRAIRIE	AC
NISSAN	PRIMASTAR	BB
NISSAN	PRIMASTAR	SA
NISSAN	PRIMASTAR L1H1	BB
NISSAN	PRIMASTAR L1H1	SA
NISSAN	PRIMASTAR L1H1 2 5	BB
NISSAN	PRIMASTAR L1H1 Q	BB
NISSAN	PRIMASTAR L2H1	BB
NISSAN	PRIMASTAR L2H1	SA
NISSAN	PRIMASTAR L2H1 2 5	BB
NISSAN	PRIMASTAR L2H1 Q	BB
NISSAN	PRIMASTAR L2H2	SA
NISSAN	PRIMERA	AA
NISSAN	PRIMERA	AB
NISSAN	PRIMERA	AC
NISSAN	PULSAR	AF
NISSAN	QASHQAI	AC
NISSAN	QASHQAI	AF
NISSAN	QASHQAI+2	AF
NISSAN	ROGUE	AF
NISSAN	SILVIA	AD
NISSAN	SILVIA	BB
NISSAN	SKYLINE	AA
NISSAN	SKYLINE	AD
NISSAN	SKYLINE GT-R	AD
NISSAN	STAGEA	AC
NISSAN	STANZA	AA
NISSAN	STANZA	AB
NISSAN	SUNNY	AA
NISSAN	SUNNY	AB
NISSAN	SUNNY	AC
NISSAN	SUNNY	BB
NISSAN	SUNNY 3HB	AB
NISSAN	SUNNY 5HB	AB
NISSAN	SUNNY 5SP	AA
NISSAN	SUNNY 5SP	AB
NISSAN	SUNNY COUPE	AA
NISSAN	SUNNY COUPE	AD
NISSAN	SUNNY FLORIDA	AC
NISSAN	SUNNY GTI-R	AB
NISSAN	TERRANO	AC
NISSAN	TERRANO	BB
NISSAN	TERRANO DI	BB
NISSAN	TERRANO II	AC
NISSAN	TERRANO II	AF
NISSAN	TERRANO II	BB
NISSAN	TIIDA	AB
NISSAN	TITAN	BE
NISSAN	TOWNSTAR	AF
NISSAN	TOWNSTAR	BB
NISSAN	URVAN	BB
NISSAN	VANETTE	BB
NISSAN	VANETTE CARGO	BB
NISSAN	X-TRAIL	AC
NISSAN	X-TRAIL	AF
NISSAN	X-TRAIL	BB
NISSAN	Y61	BB
OLDSMOBILE	442	AD
OLDSMOBILE	98	AA
OLDSMOBILE	CUSTOM CRUISER	AC
OLDSMOBILE	CUTLASS	AA
OLDSMOBILE	CUTLASS	AD
OLDSMOBILE	CUTLASS	AE
OLDSMOBILE	CUTLASS SUPREME	AA
OLDSMOBILE	CUTLASS SUPREME	AD
OLDSMOBILE	DELTA	AA
OLDSMOBILE	DELTA	AE
OLDSMOBILE	DELTA ROYALE	AA
OLDSMOBILE	DELTA ROYALE	AE
OLDSMOBILE	DELTA ROYALE BROUGHAM	AA
OLDSMOBILE	NINETY EIGHT	AA
OLDSMOBILE	NINETY EIGHT REGENCY	AA
OLDSMOBILE	NINETY-EIGHT	AA
OLDSMOBILE	SUPER	AA
OLDSMOBILE	TORONADO	AA
OLDSMOBILE	TORONADO	AD
OMODA	9	AF
OMODA	OMODA5	AB
OMODA	OMODA5 EV	AB
OMODA	OMODA9	AF
OPEL	ADAM	AB
OPEL	ADMIRAL	AA
OPEL	AGILA	AC
OPEL	AGILA	AF
OPEL	AMPERA	AB
OPEL	ANTARA	AC
OPEL	ANTARA	AF
OPEL	ANTARA DPF	BB
OPEL	ASCONA	AA
OPEL	ASCONA	AB
OPEL	ASCONA	AD
OPEL	ASCONA	AE
OPEL	ASTRA	AB
OPEL	ASTRA	AC
OPEL	ASTRA	AD
OPEL	ASTRA	AF
OPEL	ASTRA CABRIOLET	AE
OPEL	ASTRA CLUB	AC
OPEL	ASTRA TOURER+	AC
OPEL	ASTRA TWIN TOP	AE
OPEL	ASTRA+	AB
OPEL	ASTRA-CARAVAN	AC
OPEL	ASTRA-CC	AB
OPEL	ASTRA-G	AA
OPEL	ASTRA-G CABRIOLET	AE
OPEL	ASTRA-G COUPE	AD
OPEL	ASTRA-G-CARAVAN	AC
OPEL	ASTRA-G-CC	AB
OPEL	ASTRA-G-VAN	BB
OPEL	ASTRA-G-VAN AC	BB
OPEL	ASTRA-H-VAN Z13DTH-DPF	BB
OPEL	ASTRA-H-VAN Z13DTH-DPF AC	BB
OPEL	ASTRA-H-VAN Z17DTH	BB
OPEL	ASTRA-H-VAN Z17DTJ-DPF	BB
OPEL	ASTRA-H-VAN Z17DTJ-DPF ECOFLEX	BB
OPEL	BLITZ	BB
OPEL	BLITZ	BE
OPEL	BLITZ	SA
OPEL	CALIBRA	AD
OPEL	CALIBRA C2.OLET	AD
OPEL	CALIBRA C2.ONE	AD
OPEL	CALIBRA C2.OXE	AD
OPEL	CASCADA	AE
OPEL	CF 97300	SA
OPEL	CF97300	SA
OPEL	CITY	AB
OPEL	CITYBOX LINE	BB
OPEL	COMBO	AC
OPEL	COMBO	AF
OPEL	COMBO	BB
OPEL	COMBO CARGO	BB
OPEL	COMBO-CNG	AF
OPEL	COMBO-VAN	BB
OPEL	COMBO-VAN AC	BB
OPEL	COMBO-VAN Z13DT	BB
OPEL	COMBO-VAN Z13DT AC	BB
OPEL	COMBO-VAN Z13DTJ	BB
OPEL	COMBO-VAN Z13DTJ AC	BB
OPEL	COMBO-VAN Z13DTJ-DPF	BB
OPEL	COMBO-VAN Z13DTJ-DPF 2000-H	BB
OPEL	COMBO-VAN Z13DTJ-DPF 2000-H AC	BB
OPEL	COMBO-VAN Z13DTJ-DPF AC	BB
OPEL	COMBO-VAN Z13DTJ-DPF-H AC	BB
OPEL	COMBO-VAN Z14XEP	BB
OPEL	COMBO-VAN Z14XEP AC	BB
OPEL	COMBO-VAN Z16YNG	BB
OPEL	COMBO-VAN Z17DTH	BB
OPEL	COMBO-VAN Z17DTH AC	BB
OPEL	COMBO-VAN Z17DTH H AC	BB
OPEL	COMBO-VAN-CNG	BB
OPEL	COMMODORE	AA
OPEL	COMMODORE	AD
OPEL	COMMODORE COUPE	AD
OPEL	COMMODORE GS	AD
OPEL	COMMODORE GS E	AD
OPEL	CORSA	AB
OPEL	CORSA	AF
OPEL	CORSA C	AB
OPEL	CORSA C12NZ	AB
OPEL	CORSA C13N	AB
OPEL	CORSA C14NZ	AB
OPEL	CORSA C14NZ JOY	AB
OPEL	CORSA D 16T OPC	AB
OPEL	CORSA E16SE-GSI	AB
OPEL	CORSA ECO	AB
OPEL	CORSA JOY	AB
OPEL	CORSA JOY C14NZ	AB
OPEL	CORSA TR	AA
OPEL	CORSA TR S	AA
OPEL	CROSSLAND	AF
OPEL	CROSSLAND X	AF
OPEL	DIPLOMAT	AA
OPEL	E-COMBO	AF
OPEL	E-FIXXTER XXL	SA
OPEL	F7	BB
OPEL	F9	BB
OPEL	F9	SA
OPEL	FRONTERA	AF
OPEL	FRONTERA B	AC
OPEL	FRONTERA B	AF
OPEL	FRONTERA C2.ONE	AC
OPEL	FRONTERA-VAN	BB
OPEL	GRANDLAND	AF
OPEL	GRANDLAND X	AF
OPEL	GT	AD
OPEL	GT	AE
OPEL	INFOWHEELS	BB
OPEL	INSIGNIA	AA
OPEL	INSIGNIA	AB
OPEL	INSIGNIA	AC
OPEL	INSIGNIA	AF
OPEL	INSIGNIA GRAND	AB
OPEL	INSIGNIA NB	AA
OPEL	INSIGNIA NB	AF
OPEL	KADETT	AA
OPEL	KADETT	AB
OPEL	KADETT	AD
OPEL	KADETT	BB
OPEL	KADETT AERO	AE
OPEL	KADETT C2.ONE	AB
OPEL	KADETT C2.ONE CABRIOLET	AE
OPEL	KADETT C2.OXE	AB
OPEL	KADETT CABRIOLET	AE
OPEL	KADETT CARAVAN	AC
OPEL	KADETT CARAVAN SC	AC
OPEL	KADETT COMBO	BB
OPEL	KADETT COUPE	AD
OPEL	KADETT DA	AA
OPEL	KADETT G S I CABRIOLET	AE
OPEL	KADETT SC	AA
OPEL	KADETT SC	AB
OPEL	KADETT SH	AA
OPEL	KADETT SH	AB
OPEL	KAPITAN	AA
OPEL	KARL	AB
OPEL	KARL ROCKS	AB
OPEL	KARL ROCKS VIVA ROCKS	AB
OPEL	KARL VIVA	AB
OPEL	MANTA	AA
OPEL	MANTA	AB
OPEL	MANTA	AD
OPEL	MANTA	AE
OPEL	MANTA 16S	AD
OPEL	MERIVA	AF
OPEL	MOKKA	AC
OPEL	MOKKA	AF
OPEL	MOKKA X	AF
OPEL	MONTEREY 4JG2	BB
OPEL	MONZA	AD
OPEL	MONZA 3.OE	AD
OPEL	MONZA GSE	AD
OPEL	MONZA H	AD
OPEL	MOVANO	BB
OPEL	MOVANO	SA
OPEL	MOVANO L1H1	BB
OPEL	MOVANO L1H1 CREWCAB	BB
OPEL	MOVANO L1H2	BB
OPEL	MOVANO L1H2	SA
OPEL	MOVANO L2H2	BB
OPEL	MOVANO L2H2	SA
OPEL	MOVANO L3H2	BB
OPEL	MOVANO MULTICAB	BB
OPEL	MOVANO-2	BB
OPEL	MOVANO-2	SA
OPEL	MOVANO-2 DPF-E4 L1H1	BB
OPEL	MOVANO-2 DPF-E4 L2H2	BB
OPEL	MOVANO-2 DPF-E4 L2H2	SA
OPEL	MOVANO-2 IE3 L2H2	BB
OPEL	MOVANO-2 IE3 L2H2	SA
OPEL	MOVANO-2 L1H1	BB
OPEL	MOVANO-2 L1H2	BB
OPEL	MOVANO-2 L1H2	SA
OPEL	MOVANO-2 L2H2	BB
OPEL	MOVANO-2 L2H2	SA
OPEL	MOVANO-2 L2H2 TECSHIFT	BB
OPEL	MOVANO-2 L3H2	BB
OPEL	MOVANO-2 L3H2	SA
OPEL	OLYMPIA	AA
OPEL	OLYMPIA REKORD	AA
OPEL	OMEGA	AA
OPEL	OMEGA	AC
OPEL	OMEGA 3000	AA
OPEL	OMEGA C20NE	AA
OPEL	OMEGA C24NE	AA
OPEL	OMEGA C26NE	AA
OPEL	OMEGA CARAVAN	AC
OPEL	OMEGA CARAVAN C20NE	AC
OPEL	OMEGA CD	AA
OPEL	OMEGA MV6	AA
OPEL	OMEGA-CARAVAN	AC
OPEL	REKORD	AA
OPEL	REKORD	AC
OPEL	REKORD	AD
OPEL	REKORD	BB
OPEL	REKORD CARAVAN	AC
OPEL	REKORD COUPE	AD
OPEL	SENATOR	AA
OPEL	SENATOR C30SE CD	AA
OPEL	SENATOR CD	AA
OPEL	SENATOR H	AA
OPEL	SIGNUM	AB
OPEL	SINTRA	AF
OPEL	SPEEDSTER	AE
OPEL	T98 MONOCAB	AC
OPEL	T98C	AE
OPEL	T98MONOCAB	AC
OPEL	TIGRA	AD
OPEL	TIGRA	AE
OPEL	VECTRA	AA
OPEL	VECTRA	AB
OPEL	VECTRA	AC
OPEL	VECTRA-CARAVAN	AC
OPEL	VECTRA-CC	AB
OPEL	VECTRA-STATION	AC
OPEL	VIVARO	AF
OPEL	VIVARO	BB
OPEL	VIVARO 2 0	BB
OPEL	VIVARO E-HYDROGEN	BB
OPEL	VIVARO L1H1	BB
OPEL	VIVARO L1H1	SA
OPEL	VIVARO L1H1 CREWCAB	BB
OPEL	VIVARO L1H1 TECSHIFT	BB
OPEL	VIVARO L1H1CREWCAB	BB
OPEL	VIVARO L1H2	BB
OPEL	VIVARO L2H1	BB
OPEL	VIVARO L2H1	SA
OPEL	VIVARO L2H1 CREWCAB	BB
OPEL	VIVARO L2H1 CREWCAB	SA
OPEL	VIVARO L2H1 TECSHIFT	BB
OPEL	VIVARO L2H1 TECSHIFT CREWCAB	BB
OPEL	VIVARO L2H1CREWCAB	BB
OPEL	VIVARO L2H2	BB
OPEL	VIVARO L2H2	SA
OPEL	VIVARO ZAFIRA	AF
OPEL	VIVARO-2	SA
OPEL	VIVARO-2 16V-E4 L1H1	BB
OPEL	VIVARO-2 16V-E4 L2H1	BB
OPEL	VIVARO-2 998KG L1H1	BB
OPEL	VIVARO-2 DPF-E4 L1H1	BB
OPEL	VIVARO-2 DPF-E4 L1H1	SA
OPEL	VIVARO-2 DPF-E4 L1H1 CREWCAB	BB
OPEL	VIVARO-2 DPF-E4 L1H1 TECSHIFT	BB
OPEL	VIVARO-2 DPF-E4 L1H2	BB
OPEL	VIVARO-2 DPF-E4 L1H2	SA
OPEL	VIVARO-2 DPF-E4 L2H1	BB
OPEL	VIVARO-2 DPF-E4 L2H1	SA
OPEL	VIVARO-2 DPF-E4 L2H1 CREWCAB	BB
OPEL	VIVARO-2 DPF-E4 L2H1 TECS CREWC	BB
OPEL	VIVARO-2 DPF-E4 L2H1 TECSHIFT	BB
OPEL	VIVARO-2 DPF-E4 L2H1-TP2	BB
OPEL	VIVARO-2 DPF-E4 L2H2	BB
OPEL	VIVARO-2 DPF-E4 L2H2	SA
OPEL	VIVARO-2 L1H1	BB
OPEL	VIVARO-2 L1H1	SA
OPEL	VIVARO-2 L1H1 CREWCAB	BB
OPEL	VIVARO-2 L1H1 TECSHIFT	BB
OPEL	VIVARO-2 L1H2	BB
OPEL	VIVARO-2 L1H2	SA
OPEL	VIVARO-2 L2H1	BB
OPEL	VIVARO-2 L2H1	SA
OPEL	VIVARO-2 L2H1 CREWCAB	BB
OPEL	VIVARO-2 L2H1 TECSHIFT	BB
OPEL	VIVARO-2 L2H1 TECSHIFT CREWC	BB
OPEL	VIVARO-2 L2H2	BB
OPEL	VIVARO-2 L2H2	SA
OPEL	X01MONOCAB	AC
OPEL	ZAFIRA	AC
OPEL	ZAFIRA	AF
OPEL	ZAFIRA-VAN	BB
OPEL	ZAFIRA-VAN A17DTJ-DPF	BB
OPEL	ZAFIRA-VAN A17DTJ-DPF ECOFLEX	BB
OPEL	ZAFIRA-VAN A17DTR-DPF	BB
OPEL	ZAFIRA-VAN AC	BB
OPEL	ZAFIRA-VAN Z19DT-DPF	BB
OPEL	ZAFIRA-VAN Z19DTH-DPF	BB
OPEL	ZAFIRA-VAN Z19DTL-DPF	BB
PANTHER	KALLISTA	AE
PEUGEOT	1007	AB
PEUGEOT	106	AB
PEUGEOT	106 ACCENT	AB
PEUGEOT	106 ETOILE	AB
PEUGEOT	106 GREEN	AB
PEUGEOT	106 RALLYE	AB
PEUGEOT	106 SKETCH	AB
PEUGEOT	106 SUN-LINE	AB
PEUGEOT	106 XN	AB
PEUGEOT	106 XN ACE	AB
PEUGEOT	106 XR	AB
PEUGEOT	106 XR CRYSTAL	AB
PEUGEOT	106 XR GREEN	AB
PEUGEOT	106 XT	AB
PEUGEOT	107	AB
PEUGEOT	108	AB
PEUGEOT	2008	AC
PEUGEOT	2008	AF
PEUGEOT	201	AA
PEUGEOT	203	AA
PEUGEOT	203 A	AA
PEUGEOT	203 C	AA
PEUGEOT	204	AA
PEUGEOT	204	AC
PEUGEOT	204 CABRIOLET	AE
PEUGEOT	205	AB
PEUGEOT	205 ACCENT	AB
PEUGEOT	205 ACE	AB
PEUGEOT	205 CABRIOLET	AE
PEUGEOT	205 CJ CABRIOLET	AE
PEUGEOT	205 COLORLINE	AB
PEUGEOT	205 COMM TERBERG	BB
PEUGEOT	205 COMMERCIAL	BB
PEUGEOT	205 CT CABRIOLET	AE
PEUGEOT	205 CTI CABRIOLET	AE
PEUGEOT	205 D COMM	BB
PEUGEOT	205 FOREVER	AB
PEUGEOT	205 GE	AB
PEUGEOT	205 GENERATION	AB
PEUGEOT	205 GENTRY	AB
PEUGEOT	205 GLD	AB
PEUGEOT	205 GR	AB
PEUGEOT	205 GRD	AB
PEUGEOT	205 GRIFFE	AB
PEUGEOT	205 GTI-115	AB
PEUGEOT	205 JUBILEE	AB
PEUGEOT	205 JUNIOR	AB
PEUGEOT	205 MAGNUM	AB
PEUGEOT	205 RALLYE	AB
PEUGEOT	205 ROLAND GARROS	AB
PEUGEOT	205 ROLAND GARROS CABRIOLET	AE
PEUGEOT	205 XA	BB
PEUGEOT	205 XAD	BB
PEUGEOT	205 XAD MULTI	BB
PEUGEOT	205 XE	AB
PEUGEOT	205 XE TROPHY	AB
PEUGEOT	205 XLD	AB
PEUGEOT	205 XR	AB
PEUGEOT	205 XR PLUS	AB
PEUGEOT	205 XRD	AB
PEUGEOT	206	AB
PEUGEOT	206	AC
PEUGEOT	206	AE
PEUGEOT	206 CC	AE
PEUGEOT	206+	AB
PEUGEOT	207	AB
PEUGEOT	207	AC
PEUGEOT	207	AE
PEUGEOT	207	AF
PEUGEOT	207 CC	AE
PEUGEOT	208	AB
PEUGEOT	230	SA
PEUGEOT	230 L	SA
PEUGEOT	244 L	SA
PEUGEOT	280	SA
PEUGEOT	280 G	SA
PEUGEOT	280 G52	SA
PEUGEOT	280 L	SA
PEUGEOT	290	SA
PEUGEOT	290 G	SA
PEUGEOT	290 G 1	SA
PEUGEOT	290 G 2	SA
PEUGEOT	290 G52	SA
PEUGEOT	290 G52 1	SA
PEUGEOT	290 G52 2	SA
PEUGEOT	290 G92	SA
PEUGEOT	290 L	SA
PEUGEOT	3008	AC
PEUGEOT	3008	AF
PEUGEOT	3008 5008	AF
PEUGEOT	301	AA
PEUGEOT	304	AA
PEUGEOT	304 CABRIOLET	AE
PEUGEOT	304 COUPE	AD
PEUGEOT	305	AA
PEUGEOT	305	AC
PEUGEOT	305	BB
PEUGEOT	305 AUTO	AA
PEUGEOT	305 GR	AA
PEUGEOT	305 GR	AC
PEUGEOT	306	AA
PEUGEOT	306	AB
PEUGEOT	306	AC
PEUGEOT	306	AE
PEUGEOT	306 BELFORT	AB
PEUGEOT	306 CABRIOLET	AE
PEUGEOT	306 COMM	BB
PEUGEOT	306 PLUS	AB
PEUGEOT	306 ROLAND GARROS CABRIOLET	AE
PEUGEOT	306 S16	AB
PEUGEOT	306 ST	AA
PEUGEOT	306 SUMMERTIME	AB
PEUGEOT	306 XN	AB
PEUGEOT	306 XN BELFORT	AB
PEUGEOT	306 XR	AB
PEUGEOT	306 XR BELFORT	AB
PEUGEOT	306 XR CRYSTAL	AB
PEUGEOT	306 XR GALERIE	AB
PEUGEOT	306 XT	AB
PEUGEOT	306 XT BELFORT	AB
PEUGEOT	307	AB
PEUGEOT	307	AC
PEUGEOT	307	AE
PEUGEOT	307	AF
PEUGEOT	307 CC	AE
PEUGEOT	307 COMMERCIAL	BB
PEUGEOT	307 T6 HDIF COMMERCIAL	BB
PEUGEOT	308	AB
PEUGEOT	308	AC
PEUGEOT	308	AE
PEUGEOT	308	AF
PEUGEOT	308 CC	AE
PEUGEOT	309	AB
PEUGEOT	309 GLD	AB
PEUGEOT	309 GR	AB
PEUGEOT	309 GR PLUS	AB
PEUGEOT	309 GRD	AB
PEUGEOT	309 PROFIL	AB
PEUGEOT	309 XE	AB
PEUGEOT	309 XR	AB
PEUGEOT	309 XR PLUS	AB
PEUGEOT	4007	AC
PEUGEOT	4007	AF
PEUGEOT	4007 COMMERCIAL	BB
PEUGEOT	403	AA
PEUGEOT	403	BE
PEUGEOT	404	AA
PEUGEOT	404	BE
PEUGEOT	404 C	AE
PEUGEOT	404 STATIONCAR	AC
PEUGEOT	404 XC7	AA
PEUGEOT	405	AA
PEUGEOT	405	AC
PEUGEOT	405 GLD	AA
PEUGEOT	405 GLD	AC
PEUGEOT	405 GLD COMM.-V	BB
PEUGEOT	405 GR	AA
PEUGEOT	405 GR	AC
PEUGEOT	405 GRD	AA
PEUGEOT	405 GRD	AC
PEUGEOT	405 GRE	AA
PEUGEOT	405 GRI	AA
PEUGEOT	405 GRX	AA
PEUGEOT	405 GRX AIR-LINE	AA
PEUGEOT	405 MI	AA
PEUGEOT	405 REFERENCE	AA
PEUGEOT	405 SRDT	AA
PEUGEOT	405 T16	AA
PEUGEOT	406	AA
PEUGEOT	406	AC
PEUGEOT	406	AD
PEUGEOT	407	AA
PEUGEOT	407	AC
PEUGEOT	407	AD
PEUGEOT	408	AB
PEUGEOT	5008	AF
PEUGEOT	504	AA
PEUGEOT	504	AC
PEUGEOT	504	AE
PEUGEOT	504 A	AA
PEUGEOT	504 A11	AA
PEUGEOT	504 A12	AA
PEUGEOT	504 B	AE
PEUGEOT	504 B CABRIOLET	AE
PEUGEOT	504 B02	AE
PEUGEOT	504 B12	AE
PEUGEOT	504 B12 CABRIOLET	AE
PEUGEOT	504 B31 CABRIOLET	AE
PEUGEOT	504 C12	AD
PEUGEOT	504 C12 COUPE	AD
PEUGEOT	504 C14	AD
PEUGEOT	504 C14 COUPE	AD
PEUGEOT	504 C31 COUPE	AD
PEUGEOT	504 C32 COUPE	AD
PEUGEOT	504 CABRIOLET	AE
PEUGEOT	504 COUPE	AD
PEUGEOT	505	AA
PEUGEOT	505	AC
PEUGEOT	505 AUTOMATIQUE	AA
PEUGEOT	505 GLD	AA
PEUGEOT	505 GR	AA
PEUGEOT	508	AA
PEUGEOT	508	AB
PEUGEOT	508	AC
PEUGEOT	604	AA
PEUGEOT	604 AUTOMATIQUE	AA
PEUGEOT	605	AA
PEUGEOT	605 SLI	AA
PEUGEOT	605 SV	AA
PEUGEOT	607	AA
PEUGEOT	806	AF
PEUGEOT	806 ST	AF
PEUGEOT	807	AF
PEUGEOT	ADRIATIK	SA
PEUGEOT	ADRIATIK E	SA
PEUGEOT	BIPPER	AF
PEUGEOT	BIPPER	BB
PEUGEOT	BIPPER 2T	BB
PEUGEOT	BOXER	BB
PEUGEOT	BOXER	SA
PEUGEOT	BOXER 270C	BB
PEUGEOT	BOXER 270C	SA
PEUGEOT	BOXER 270CS	SA
PEUGEOT	BOXER 290C	BB
PEUGEOT	BOXER 290C	SA
PEUGEOT	BOXER 290CS	BB
PEUGEOT	BOXER 290CS	SA
PEUGEOT	BOXER 290M	BB
PEUGEOT	BOXER 310C	BB
PEUGEOT	BOXER 320LH	BB
PEUGEOT	BOXER 320LH	SA
PEUGEOT	BOXER 320M	SA
PEUGEOT	BOXER 320MH	SA
PEUGEOT	BOXER 330LH	BB
PEUGEOT	BOXER 330LH	SA
PEUGEOT	BOXER 330M	BB
PEUGEOT	BOXER 330MH	BB
PEUGEOT	BOXER 330MH	SA
PEUGEOT	BOXER 350LH	BB
PEUGEOT	BOXER 350LH	SA
PEUGEOT	BOXER 350MH	SA
PEUGEOT	BOXER L1H1	BB
PEUGEOT	BOXER L1H1	SA
PEUGEOT	BOXER L2H1	BB
PEUGEOT	BOXER L2H1 0	BB
PEUGEOT	BOXER L2H2	BB
PEUGEOT	BOXER L2H2	SA
PEUGEOT	BOXER L2H2 0	BB
PEUGEOT	BOXER L2H2 0	SA
PEUGEOT	BOXER L3H2	BB
PEUGEOT	BOXER L3H2	SA
PEUGEOT	BOXER L4H2	BB
PEUGEOT	BOXER L4H2	SA
PEUGEOT	BOXER MULTICAB	BB
PEUGEOT	BOXER MULTICAB	SA
PEUGEOT	E-FIXXTER XXL	SA
PEUGEOT	E-PARTNER	BB
PEUGEOT	E-RIFTER	AF
PEUGEOT	E.BOXER	BB
PEUGEOT	EXPERT	AF
PEUGEOT	EXPERT	BB
PEUGEOT	EXPERT 220C	BB
PEUGEOT	EXPERT 220C	SA
PEUGEOT	EXPERT 220C CF	BB
PEUGEOT	EXPERT 220C CF	SA
PEUGEOT	EXPERT 220C ST	BB
PEUGEOT	EXPERT 220L	BB
PEUGEOT	EXPERT 230C	BB
PEUGEOT	EXPERT 230L	BB
PEUGEOT	EXPERT 230L	SA
PEUGEOT	EXPERT EXPERT TRAVELLER	BB
PEUGEOT	EXPERT L1H1	BB
PEUGEOT	EXPERT L1H1 16V-120	BB
PEUGEOT	EXPERT L1H1 16V-120	SA
PEUGEOT	EXPERT L1H1 16V-90	BB
PEUGEOT	EXPERT L1H1 16V-90	SA
PEUGEOT	EXPERT L2H1	BB
PEUGEOT	EXPERT L2H1 16V-120	BB
PEUGEOT	EXPERT L2H1 16V-120	SA
PEUGEOT	EXPERT L2H1 16V-136	BB
PEUGEOT	EXPERT L2H1 16V-163	BB
PEUGEOT	EXPERT L2H1 16V-90	BB
PEUGEOT	EXPERT L2H2 16V-120	BB
PEUGEOT	EXPERT TRAVELLER	AF
PEUGEOT	EXPERT TRAVELLER	BB
PEUGEOT	ION	AF
PEUGEOT	J5	SA
PEUGEOT	J5 280G22	SA
PEUGEOT	J5 280G52	SA
PEUGEOT	J5 280G92	SA
PEUGEOT	J5 280H52DC	SA
PEUGEOT	J5 G	SA
PEUGEOT	J5 G22	SA
PEUGEOT	J5 G52	SA
PEUGEOT	J5 G92	SA
PEUGEOT	J5 H52	SA
PEUGEOT	J5 PILOTE CX D	SA
PEUGEOT	J5 PILOTE R	SA
PEUGEOT	J5 PILOTE R390 D	SA
PEUGEOT	J5 PILOTE R640	SA
PEUGEOT	J7	BB
PEUGEOT	J7	SA
PEUGEOT	J7 PZ	SA
PEUGEOT	J7 PZ10	SA
PEUGEOT	J7PZ10	BB
PEUGEOT	J7PZ10	SA
PEUGEOT	J7PZ20	SA
PEUGEOT	J7PZ40	SA
PEUGEOT	J9	BB
PEUGEOT	J9	SA
PEUGEOT	J9A10	SA
PEUGEOT	J9A31	SA
PEUGEOT	J9A71	SA
PEUGEOT	PARTNER	AC
PEUGEOT	PARTNER	AF
PEUGEOT	PARTNER	BB
PEUGEOT	PARTNER 16V-2PL	BB
PEUGEOT	PARTNER 170C	BB
PEUGEOT	PARTNER 190C	BB
PEUGEOT	PARTNER 2PL	BB
PEUGEOT	PARTNER 3PL	BB
PEUGEOT	PEUGEOT	SA
PEUGEOT	PEUGOT	AB
PEUGEOT	POSSL	SA
PEUGEOT	RANCH	AC
PEUGEOT	RANCH	AF
PEUGEOT	RCZ	AD
PEUGEOT	RIFTER	AF
PEUGEOT	TRAVELLER	AF
PIAGGIO	PORTER	BB
PIAGGIO	PORTER	BE
PIAGGIO	PORTER D	BB
PIAGGIO	PORTER NP6	BE
PILGRIM	SUMO	AE
PILOTE	G740C	SA
PILOTE	G740GJ	SA
PILOTE	G740LGJ	SA
PILOTE	G740XLC	SA
PILOTE	P650C	SA
PILOTE	P650GJ	SA
PILOTE	P670XTP	SA
PILOTE	P696D	SA
PILOTE	P700C	SA
PILOTE	P700GJ	SA
PILOTE	P740C	SA
PILOTE	P740GJ	SA
PILOTE	P746C	SA
PILOTE	P746GJ	SA
PILOTE	V600F	SA
PILOTE	V600G	SA
PILOTE	V630J	SA
PININFARINA	SPYDER EUROPA	AE
PLANDEX	SPRINTER Z	BB
PLYMOUTH	BARRACUDA	AD
PLYMOUTH	BELVEDERE	AA
PLYMOUTH	DUSTER	AD
PLYMOUTH	FURY III	AA
PLYMOUTH	PROWLER	AE
PLYMOUTH	ROAD RUNNER	AD
PLYMOUTH	SATELLITE	AD
PLYMOUTH	SPECIAL	AA
PLYMOUTH	VALIANT	AA
POESSL	CAMPSCOUT	SA
POESSL	CAMPSTER	SA
POESSL	GLOBESCOUT	SA
POESSL	KW 19L	SA
POESSL	KW 9	SA
POESSL	KW T	SA
POESSL	KW009	SA
POESSL	KW18 19L	SA
POESSL	KW9	SA
POESSL	POSSL SUMMIT	SA
POESSL	POSSL SUMMIT PLUS	SA
POESSL	PSSL SUMMIT PLUS	SA
POESSL	ROADCAMP	SA
POESSL	ROADCAR	SA
POESSL	ROADCRUISER	SA
POESSL	ROADSCOUT	SA
POESSL	SUMMIT	SA
POESSL	SUMMIT PLUS	SA
POESSL	SUMMIT PRIME	SA
POLESTAR	1	AD
POLESTAR	2	AA
POLESTAR	3	AC
POLESTAR	4	AB
PONTIAC	BONNEVILLE	AA
PONTIAC	BONNEVILLE	AD
PONTIAC	BONNEVILLE	AE
PONTIAC	CATALINA	AA
PONTIAC	CATALINA	AD
PONTIAC	CHIEFTAIN	AA
PONTIAC	FIERO	AD
PONTIAC	FIREBIRD	AA
PONTIAC	FIREBIRD	AD
PONTIAC	FIREBIRD	AE
PONTIAC	FIREBIRD CABRIOLET	AE
PONTIAC	FIREBIRD ESPRIT	AD
PONTIAC	FIREBIRD FORMULA	AD
PONTIAC	FIREBIRD TRANS AM	AD
PONTIAC	GRAND AM	AA
PONTIAC	GRAND PRIX	AA
PONTIAC	GRAND PRIX	AD
PONTIAC	GRAND PRIX LE	AA
PONTIAC	GTO	AD
PONTIAC	LE MANS	AA
PONTIAC	LE MANS	AD
PONTIAC	SOLSTICE	AE
PONTIAC	TRANS	AF
PONTIAC	TRANS AM	AD
PONTIAC	TRANSSPORT	AC
PORSCHE	356	AD
PORSCHE	356	AE
PORSCHE	356 B	AD
PORSCHE	356 B	AE
PORSCHE	356 B ROADSTER	AE
PORSCHE	356 B SUPER	AD
PORSCHE	356 C	AD
PORSCHE	356 SPEEDSTER	AE
PORSCHE	718 BOXSTER	AE
PORSCHE	718 BOXSTER SPYDER	AE
PORSCHE	718 CAYMAN	AD
PORSCHE	718 CAYMAN GT4	AD
PORSCHE	718 SPYDER	AE
PORSCHE	911	AD
PORSCHE	911	AE
PORSCHE	911 CABRIOLET	AE
PORSCHE	911 CARRERA	AD
PORSCHE	911 CARRERA	AE
PORSCHE	911 CARRERA 2	AD
PORSCHE	911 CARRERA 2	AE
PORSCHE	911 CARRERA 2 CABRIOLET	AE
PORSCHE	911 CARRERA 2 COUPE	AD
PORSCHE	911 CARRERA 2 SPEEDSTER	AE
PORSCHE	911 CARRERA 2 TARGA	AE
PORSCHE	911 CARRERA 4	AD
PORSCHE	911 CARRERA 4	AE
PORSCHE	911 CARRERA 4 CABRIOLET	AE
PORSCHE	911 CARRERA 4 COUPE	AD
PORSCHE	911 CARRERA 4 S COUPE	AD
PORSCHE	911 CARRERA 4 TARGA	AE
PORSCHE	911 CARRERA 4S	AD
PORSCHE	911 CARRERA 4S	AE
PORSCHE	911 CARRERA CABRIOLET	AE
PORSCHE	911 CARRERA COUPE	AD
PORSCHE	911 CARRERA FB CABRIOLET	AE
PORSCHE	911 CARRERA FB COUPE	AD
PORSCHE	911 CARRERA TARGA	AD
PORSCHE	911 CARRERA TARGA	AE
PORSCHE	911 CARRERA TARGA FB	AD
PORSCHE	911 CLASSIC	AD
PORSCHE	911 COUPE	AD
PORSCHE	911 DAKAR	AD
PORSCHE	911 E TARGA	AD
PORSCHE	911 E TARGA	AE
PORSCHE	911 GT2	AD
PORSCHE	911 GT3	AD
PORSCHE	911 S T	AD
PORSCHE	911 S TARGA	AD
PORSCHE	911 S TARGA	AE
PORSCHE	911 S U.S	AD
PORSCHE	911 SC	AD
PORSCHE	911 SC	AE
PORSCHE	911 SC CABRIOLET	AE
PORSCHE	911 SC COUPE	AD
PORSCHE	911 SC TARGA	AD
PORSCHE	911 SC TARGA	AE
PORSCHE	911 SPEEDSTER	AE
PORSCHE	911 T TARGA	AD
PORSCHE	911 T TARGA	AE
PORSCHE	911 TARGA	AD
PORSCHE	911 TARGA	AE
PORSCHE	911 TARGA 4	AD
PORSCHE	911 TARGA 4	AE
PORSCHE	911 TARGA 4S	AD
PORSCHE	911 TARGA 4S	AE
PORSCHE	911 TARGA S	AD
PORSCHE	911CARRERA COUPE	AD
PORSCHE	911S TARGA	AE
PORSCHE	911T TARGA	AD
PORSCHE	911T TARGA	AE
PORSCHE	912	AD
PORSCHE	912 COUPE	AD
PORSCHE	914	AD
PORSCHE	914	AE
PORSCHE	918 SPYDER	AE
PORSCHE	924	AD
PORSCHE	924	AE
PORSCHE	928	AD
PORSCHE	928 S 4	AD
PORSCHE	930	AD
PORSCHE	944	AD
PORSCHE	944 CABRIOLET	AE
PORSCHE	964	AD
PORSCHE	968	AD
PORSCHE	968	AE
PORSCHE	968 CABRIOLET	AE
PORSCHE	968 COUPE	AD
PORSCHE	968 CS	AD
PORSCHE	986	AE
PORSCHE	986 BOXSTER	AE
PORSCHE	986 BOXSTER S	AE
PORSCHE	987	AD
PORSCHE	987	AE
PORSCHE	987 BOXSTER	AE
PORSCHE	987 BOXSTER S	AE
PORSCHE	991 CARRERA	AD
PORSCHE	991 CARRERA 4S	AE
PORSCHE	991 CARRERA S	AD
PORSCHE	991 CARRERA S	AE
PORSCHE	991 CARRERA T	AD
PORSCHE	993	AD
PORSCHE	993	AE
PORSCHE	996	AD
PORSCHE	996	AE
PORSCHE	997	AD
PORSCHE	997	AE
PORSCHE	BOXSTER	AE
PORSCHE	BOXSTER SPYDER	AE
PORSCHE	BOXTER	AE
PORSCHE	BOXTER S	AE
PORSCHE	CARRERA	AD
PORSCHE	CARRERA	AE
PORSCHE	CARRERA 2	AE
PORSCHE	CARRERA 4	AD
PORSCHE	CARRERA 4S	AD
PORSCHE	CARRERA S	AD
PORSCHE	CARRERA TARGA	AE
PORSCHE	CAYENNE	AC
PORSCHE	CAYENNE	AF
PORSCHE	CAYMAN	AD
PORSCHE	CAYMAN GT4	AD
PORSCHE	MACAN	AC
PORSCHE	MACAN 4	AC
PORSCHE	MACAN 4S	AC
PORSCHE	PANAMERA	AB
PORSCHE	PANAMERA	AC
PORSCHE	PANAMERA 4	AB
PORSCHE	PANAMERA 4	AC
PORSCHE	PANAMERA 4S	AB
PORSCHE	PANAMERA 4S	AC
PORSCHE	TAYCAN	AB
PORSCHE	TAYCAN	AC
PORSCHE	TAYCAN 4	AB
PORSCHE	TAYCAN 4	AC
PORSCHE	TAYCAN 4S	AB
PORSCHE	TAYCAN 4S	AC
POSSL	CAMPSTER	SA
POSSL	GLOBECAR SUMMIT	SA
POSSL	KW 9	SA
POSSL	PSSL SUMMIT	SA
POSSL	SUMMIT	SA
PUCH	230 GE	AE
PUCH	280 GE	AC
PUCH	300 GD	AC
QUATTRO	AUDI	AD
QUATTRO	AUDI	AE
QUATTRO	AUDI A4	AA
QUATTRO	AUDI CABRIOLET	AE
QUATTRO	AUDI Q7	AC
QUATTRO	AUDI RS3	AC
QUATTRO	AUDI RS4	AA
QUATTRO	AUDI RS4	AC
QUATTRO	AUDI RS4	AE
QUATTRO	AUDI RS4 CABRIOLET	AE
QUATTRO	AUDI RS5	AD
QUATTRO	AUDI RS6	AA
QUATTRO	AUDI RS6	AC
RAM	1500	BE
RAM	1500 BIG HORN	BE
RAM	1500 BIG HORN ETORQUE	BE
RAM	1500 BIGHORN	BE
RAM	1500 CLASSIC	BE
RAM	1500 CREW	BE
RAM	1500 E-TORQUE	BE
RAM	1500 LARAMIE	BE
RAM	1500 LARAMIE E-TORQUE	BE
RAM	1500 LARAMIE L.H	BE
RAM	1500 LONGHORN	BE
RAM	1500 LTD	BE
RAM	1500 REBEL	BE
RAM	1500 RHO	BE
RAM	1500 SLT	BE
RAM	1500 TRX	BE
RAM	1500 TUNGSTEN	BE
RAM	2500	BE
RAM	DODGE RAM	BE
RAM	RAM	BE
RAM	RAM1500	BE
RANGEROVER	RANGE ROVER	AC
RAPIDO	540	SA
RAPIDO	7086	SA
RAPIDO	906	SA
RAPIDO	986	SA
RAPIDO	AC5	SA
RAPIDO	AF5	SA
RAPIDO	B03	SA
RAPIDO	INTEGRAL	SA
RAPIDO	PROFILE	SA
RAPIDO	S11	SA
RAPIDO	S70	SA
RAPIDO	S80	SA
RAPIDO	S90	SA
RELIANT	ROBIN	BB
RELIANT	SCIMITAR	AA
RELIANT	SCIMITAR	AB
RELIANT	SCIMITAR	AD
RENAULT	1040	SA
RENAULT	11	AB
RENAULT	16	AB
RENAULT	19	AA
RENAULT	19	AB
RENAULT	19 CABRIOLET	AE
RENAULT	19 TR	AA
RENAULT	19 TR	AB
RENAULT	21	AA
RENAULT	21	AB
RENAULT	21 NEVADA	AC
RENAULT	25	AA
RENAULT	25	AB
RENAULT	25 AUTOM	AB
RENAULT	25 AUTOMATIQUE	AB
RENAULT	25 TX	AB
RENAULT	25 V6-INJECTION	AB
RENAULT	4	AA
RENAULT	4	AB
RENAULT	4	AC
RENAULT	4	BB
RENAULT	4 CV	AA
RENAULT	5	AB
RENAULT	5 ALPINE	AB
RENAULT	5 BACCARA	AB
RENAULT	5 COUPE	AB
RENAULT	5 PARISIENNE 2	AB
RENAULT	5 SL	AB
RENAULT	5 TC	AB
RENAULT	5 TR	AB
RENAULT	6	AB
RENAULT	9	AA
RENAULT	9	AB
RENAULT	ALASKAN	BE
RENAULT	ANTILOPEVAN FLEXPLUS	SA
RENAULT	ARKANA	AB
RENAULT	ARKANA MEGANE CONQUEST	AB
RENAULT	AUSTRAL	AC
RENAULT	AVANTIME	AC
RENAULT	B110-35	BB
RENAULT	B120-35	BB
RENAULT	BA	AB
RENAULT	BUSINESS	BB
RENAULT	C06	AB
RENAULT	CAPTUR	AB
RENAULT	CHAUSSON ACAPULCO	SA
RENAULT	CLIO	AB
RENAULT	CLIO	AC
RENAULT	CLIO RSI	AB
RENAULT	CLIO SYMBOL	AB
RENAULT	CLIO WILLIAMS	AB
RENAULT	D WIDE	BB
RENAULT	D Z.E	BB
RENAULT	DAUPHINE	AA
RENAULT	DUSTER	AC
RENAULT	E-TECH MASTER	BB
RENAULT	ESPACE	AB
RENAULT	ESPACE	AC
RENAULT	ESPACE	AF
RENAULT	ESPACE TSE	AF
RENAULT	ESTAFETTE	BB
RENAULT	ESTAFETTE	SA
RENAULT	EXPRESS	BB
RENAULT	EXPRESS D-55	BB
RENAULT	EXPRESS LIGHT	BB
RENAULT	FD	BB
RENAULT	FD	SA
RENAULT	FL	BB
RENAULT	FLUENCE	AA
RENAULT	FLUENCE Z.E	AA
RENAULT	FUEGO	AD
RENAULT	INFOWHEELS	BB
RENAULT	JA	AB
RENAULT	KADJAR	AC
RENAULT	KANGO EXPRESS Z.E	BB
RENAULT	KANGOO	AC
RENAULT	KANGOO	AF
RENAULT	KANGOO	BB
RENAULT	KANGOO D-55	BB
RENAULT	KANGOO D-55 EURO LIGHT	BB
RENAULT	KANGOO D-65	BB
RENAULT	KANGOO D-65 HL	BB
RENAULT	KANGOO EURO	BB
RENAULT	KANGOO EURO HL	BB
RENAULT	KANGOO EURO LIGHT	BB
RENAULT	KANGOO EXPRESS	BB
RENAULT	KANGOO EXPRESS FAP	BB
RENAULT	KANGOO EXPRESS FAP LIGHT	BB
RENAULT	KANGOO EXPRESS HL	BB
RENAULT	KANGOO EXPRESS Z.E	BB
RENAULT	KANGOO EXPRESS Z.E KIPPER	BE
RENAULT	KANGOO GV	BB
RENAULT	KANGOO HL	BB
RENAULT	KANGOO LIGHT	BB
RENAULT	KANGOO RAPID	BB
RENAULT	KANGOO S2005	BB
RENAULT	KED	SA
RENAULT	KOLEOS	AC
RENAULT	LAGUNA	AB
RENAULT	LAGUNA	AC
RENAULT	LAGUNA	AD
RENAULT	MASCOTT	BB
RENAULT	MASCOTT 110-35	BB
RENAULT	MASCOTT 120-35	BB
RENAULT	MASCOTT 130-35	BB
RENAULT	MASCOTT 130-65	BB
RENAULT	MASCOTT 150-35	BB
RENAULT	MASCOTT 150-65	BB
RENAULT	MASCOTT 160-35	BB
RENAULT	MASTER	BB
RENAULT	MASTER	SA
RENAULT	MASTER 2 5	BB
RENAULT	MASTER DUBBELE CABINE	BB
RENAULT	MASTER EURO	BB
RENAULT	MASTER EURO	SA
RENAULT	MASTER EURO DUBBELE CABINE	BB
RENAULT	MASTER L1H1	BB
RENAULT	MASTER L1H1	SA
RENAULT	MASTER L1H1 Q	BB
RENAULT	MASTER L1H2	BB
RENAULT	MASTER L1H2	SA
RENAULT	MASTER L2H2	BB
RENAULT	MASTER L2H2	SA
RENAULT	MASTER L2H2 Q	BB
RENAULT	MASTER L2H2 Q	SA
RENAULT	MASTER L2H3	BB
RENAULT	MASTER L3H2	BB
RENAULT	MASTER L3H2	SA
RENAULT	MASTER L3H2 Q	SA
RENAULT	MASTER L3H3	BB
RENAULT	MASTER L3H3	SA
RENAULT	MASTER POLYVOLUME	BB
RENAULT	MASTER T	BB
RENAULT	MASTER T	SA
RENAULT	MASTER T 2 5 FAP	BB
RENAULT	MASTER T 2 5 FAP	SA
RENAULT	MASTER T 2 5 Q FAP	BB
RENAULT	MASTER T 2 5 Q FAP	SA
RENAULT	MASTER T FAP	BB
RENAULT	MASTER T FAP	SA
RENAULT	MASTER T Q	BB
RENAULT	MASTER T Q	SA
RENAULT	MASTER T35	BB
RENAULT	MASTER TD	BB
RENAULT	MASTER TD	SA
RENAULT	MASTER Z	BB
RENAULT	MASTER Z.E	BB
RENAULT	MASTER ZE	BB
RENAULT	MAXITY	BB
RENAULT	MAXITY 130-35 6 CC	BB
RENAULT	MEGANE	AB
RENAULT	MEGANE	AC
RENAULT	MEGANE	AD
RENAULT	MEGANE	AE
RENAULT	MEGANE CABRIOLET	AE
RENAULT	MEGANE CLASSIC	AA
RENAULT	MEGANE COUPE	AD
RENAULT	MEGANE GR TOUR	BB
RENAULT	MEGANE GRAND TOUR	BB
RENAULT	MEGANE GRAND TOUR FAP	BB
RENAULT	MEGANE SCENIC	AB
RENAULT	MEGANE SCENIC	AF
RENAULT	MEGANE SCENIC GRAND FAP	BB
RENAULT	MIDLUM	BB
RENAULT	MIDLUM 150-08 B	BB
RENAULT	MIDLUM 180-08 B	BB
RENAULT	MIDLUM 220-12 ML	BB
RENAULT	MODUS	AF
RENAULT	PREMIUM	BB
RENAULT	R DAUPHINE	AA
RENAULT	R TX	AB
RENAULT	R1062	AA
RENAULT	R1126	AB
RENAULT	R4F4	BB
RENAULT	R4TL	AB
RENAULT	RAFALE	AC
RENAULT	RENAULT	BB
RENAULT	RENAULT	SA
RENAULT	SAFRANE	AB
RENAULT	SANDERO	AB
RENAULT	SCENIC	AB
RENAULT	SCENIC ASSIST	AB
RENAULT	SYMBIOZ	AB
RENAULT	T35	BB
RENAULT	T35	SA
RENAULT	T35D	BB
RENAULT	T35D	SA
RENAULT	T35D.2	SA
RENAULT	TALISMAN	AA
RENAULT	TALISMAN	AC
RENAULT	TAZ	SA
RENAULT	TRAFFIC	BB
RENAULT	TRAFIC	AF
RENAULT	TRAFIC	BB
RENAULT	TRAFIC DUBBELE CABINE	BB
RENAULT	TRAFIC DUBBELE CABINE GRUAU	BB
RENAULT	TRAFIC GRUAU	BB
RENAULT	TRAFIC L1H1	BB
RENAULT	TRAFIC L1H1	SA
RENAULT	TRAFIC L1H1 DUBBEL CABINE	BB
RENAULT	TRAFIC L1H1 Q	BB
RENAULT	TRAFIC L1H2	BB
RENAULT	TRAFIC L1H2	SA
RENAULT	TRAFIC L2H1	BB
RENAULT	TRAFIC L2H1	SA
RENAULT	TRAFIC L2H1 DUBBEL CABINE	BB
RENAULT	TRAFIC L2H1 GRUAU	BB
RENAULT	TRAFIC L2H1 Q	BB
RENAULT	TRAFIC L2H2	BB
RENAULT	TRAFIC L2H2	SA
RENAULT	TRAFIC LIGHT	BB
RENAULT	TRAFIC PH2	BB
RENAULT	TRAFIC T27	BB
RENAULT	TRAFIC T27	SA
RENAULT	TRAFIC T27 2 5 FAP	BB
RENAULT	TRAFIC T27 FAP	BB
RENAULT	TRAFIC T27 Q	BB
RENAULT	TRAFIC T27 Q FAP	BB
RENAULT	TRAFIC T29	BB
RENAULT	TRAFIC T29	SA
RENAULT	TRAFIC T29 2 5 FAP	BB
RENAULT	TRAFIC T29 2 5 FAP	SA
RENAULT	TRAFIC T29 FAP	BB
RENAULT	TRAFIC T29 FAP	SA
RENAULT	TRAFIC T29 FAP GRUAU	BB
RENAULT	TRAFIC T29 GRUAU	BB
RENAULT	TRAFIC T29 L2H1	BB
RENAULT	TRAFIC T29 Q	BB
RENAULT	TRAFIC T29 Q	SA
RENAULT	TRAFIC T29 Q FAP	BB
RENAULT	TRAFIC T29 Q FAP	SA
RENAULT	TRAFIC T29 Q FAP GRUAU	BB
RENAULT	TRAFIC T313	BB
RENAULT	TRAFIC T368-A	SA
RENAULT	TRAFIC T36E-A	SA
RENAULT	TRAFIC T423	BB
RENAULT	TRAFIC T423	SA
RENAULT	TRAFIC T428	SA
RENAULT	TRAFIC T42F	SA
RENAULT	TRAFIC T46E-A	SA
RENAULT	TRAFIC TB2G	SA
RENAULT	TRUCKS D	BB
RENAULT	TWINGO	AB
RENAULT	TWINGO II	AB
RENAULT	TWINGO MATIC	AB
RENAULT	TXZ	SA
RENAULT	VEL SATIS	AB
RENAULT	WIND	AE
RENAULT	ZOE	AB
RENAULT MOD DRST	MASTER POLYVOLUME	BB
RENAULT SPORT	SPIDER	AE
RENAULT TRUCKS	MASTER	BB
RIMOR	AAF	SA
RIMOR	AAF59P3	SA
RIMOR	ABF	SA
RIMOR	AHF59P3	SA
RIMOR	ARF	SA
RIMOR	ARF39P3	SA
RIMOR	ARF50P3	SA
RIMOR S.P.A.	ARF	SA
RIMOR S.P.A.	OMISSIS	SA
ROBIN HOOD	SPORTS	AE
RODRIGUEZ LOPEZ AUTO	MAN TGE L2H2	SC
ROLLER TEAM	AUTO-ROLLER	SA
ROLLER TEAM	GRANDUCA	SA
ROLLER TEAM	GRANDUCA GARAGE	SA
ROLLER TEAM	GRANDUCA GARAGE P	SA
ROLLER TEAM	GRANDUCA P	SA
ROLLER TEAM	KRONOS	SA
ROLLER TEAM	KRONOS M	SA
ROLLER TEAM	KRONOS P	SA
ROLLER TEAM	LIVINGSTONE	SA
ROLLER TEAM	LIVINGSTONE 2	SA
ROLLER TEAM	LIVINGSTONE 2 ADVANCE	SA
ROLLER TEAM	LIVINGSTONE 2 PRESTIGE	SA
ROLLER TEAM	LIVINGSTONE 5	SA
ROLLER TEAM	LIVINGSTONE DU0	SA
ROLLER TEAM	LIVINGSTONE DUO	SA
ROLLER TEAM	LIVINGSTONE DUO ADVANCE	SA
ROLLER TEAM	LIVINGSTONE DUO PRESTIGE	SA
ROLLER TEAM	PEGASO GARAGE LIVING	SA
ROLLER TEAM	T-LINE GARAGE M	SA
ROLLER TEAM	T-LINE GARAGE S	SA
ROLLER TEAM	T-LINE M	SA
ROLLER TEAM	T-LINE S	SA
ROLLER TEAM	ZEFIRO	SA
ROLLER TEAM	ZEFIRO INTEGRAL	SA
ROLLER TEAM	ZEFIRO P	SA
ROLLS-ROYCE	CORNICHE	AE
ROLLS-ROYCE	CULLINAN	AA
ROLLS-ROYCE	CULLINAN BADGE	AA
ROLLS-ROYCE	DAWN	AE
ROLLS-ROYCE	GHOST	AA
ROLLS-ROYCE	PHANTOM	AA
ROLLS-ROYCE	PHANTOM DROPHEAD COUPE	AE
ROLLS-ROYCE	RR01	AA
ROLLS-ROYCE	SILVER	AA
ROLLS-ROYCE	SILVER CLOUD	AA
ROLLS-ROYCE	SILVER CLOUD II	AA
ROLLS-ROYCE	SILVER CLOUD III	AA
ROLLS-ROYCE	SILVER SERAPH	AA
ROLLS-ROYCE	SILVER SHADOW	AA
ROLLS-ROYCE	SILVER SHADOW II	AA
ROLLS-ROYCE	SILVER SPUR	AA
ROLLS-ROYCE	SILVER WRAITH	AA
ROLLS-ROYCE	SPECTRE	AD
ROLLS-ROYCE	WRAITH	AD
ROSERO - P	FIRST	CA
ROVER	100	AA
ROVER	111	AB
ROVER	111 CABRIOLET	AE
ROVER	114	AB
ROVER	200 SERIES	AB
ROVER	2000 TC	AA
ROVER	214	AB
ROVER	214 SI	AB
ROVER	216	AB
ROVER	216 CABRIOLET	AE
ROVER	220 COUPE	AD
ROVER	25	AB
ROVER	3500	AA
ROVER	3500	AB
ROVER	3500 S	AA
ROVER	400 SERIES	AA
ROVER	400 SERIES	AB
ROVER	416	AB
ROVER	45	AA
ROVER	45	AB
ROVER	600 SERIES	AA
ROVER	618	AA
ROVER	620 DI	AA
ROVER	620 I	AA
ROVER	620 SI	AA
ROVER	75	AA
ROVER	75	AC
ROVER	820 I	AA
ROVER	820 SI	AA
ROVER	825	AA
ROVER	827 COUPE	AD
ROVER	827 SI	AA
ROVER	ESTATE I	AC
ROVER	MGF	AE
ROVER	MINI	AA
ROVER	MINI	AB
ROVER	MINI COOPER	AA
ROVER	MINI COOPER I	AA
ROVER	MINI I	AA
ROVER	MINI MK II	AA
ROVER	MINI MK II	AE
ROVER	RANGE ROVER	AB
ROVER	RANGE ROVER	AC
ROVER	RANGE ROVER	AF
ROVER	RANGE ROVER	BB
ROVER	RANGE ROVER AUTO	AC
ROVER	RANGE ROVER EFI AUTO	AC
ROVER	RD	AE
ROVER	RD CABRIOLET	AE
ROVER	STREETWISE	AB
ROVER	TOURER	AC
ROVER	VANDEN PLAS	AB
ROVER	VITESSE	AA
ROVER	VITESSE	AB
SAAB	9 3 CABRIOLET	AE
SAAB	9-3	AA
SAAB	9-3	AB
SAAB	9-3	AC
SAAB	9-3	AE
SAAB	9-3 AERO	AE
SAAB	9-3 CABRIOLET	AE
SAAB	9-3 X	AC
SAAB	9-3 XWD	AA
SAAB	9-4X	AC
SAAB	9-4X	AF
SAAB	9-5	AA
SAAB	9-5	AC
SAAB	9-7X	AC
SAAB	9-7X 4 2	AC
SAAB	9-7X 5 3	AC
SAAB	90	AA
SAAB	900	AA
SAAB	900	AB
SAAB	900	AD
SAAB	900	AE
SAAB	900 C	AA
SAAB	900 C	AB
SAAB	900 CABRIOLET	AE
SAAB	900 COUPE	AB
SAAB	900 CV	AE
SAAB	900 I CV	AE
SAAB	900 II CABRIOLET	AE
SAAB	900 S AERO	AB
SAAB	900 S CV	AE
SAAB	900 T S	AB
SAAB	900 T16 CABRIOLET	AE
SAAB	900 T16S	AA
SAAB	900 T16S	AB
SAAB	900 T8	AA
SAAB	900 T8	AB
SAAB	900 TSR	AB
SAAB	9000	AA
SAAB	9000	AB
SAAB	9000 CD	AA
SAAB	9000 CD GRIFFIN	AA
SAAB	9000 CS	AB
SAAB	9000 CS AERO	AB
SAAB	9000 CS ECOPOWER	AB
SAAB	9000 CSE	AB
SAAB	9000 CSI	AB
SAAB	9000 CST AERO	AB
SAAB	9000 T16	AB
SAAB	900S CABRIOLET	AE
SAAB	93	AA
SAAB	93	AB
SAAB	93	AE
SAAB	93 CABRIOLET	AE
SAAB	95	AC
SAAB	96	AA
SAAB	96	AB
SAAB	96	AD
SAAB	96 V4	AA
SAAB	96L V4	AA
SAAB	99	AA
SAAB	99	AB
SAAB	99	AD
SAAB	SAAB 9-3	AE
SAAB	YS3D	AE
SAAB	YS3DXXXX	AE
SANTANA	109	AC
SANTANA	88	AC
SANTANA	PS10 TD COMM	BB
SAXAS NUTZFAHR WRDAU GMBH	MKD M E	BB
SAXAS NUTZFAHR. WERDAU AG	MKD 43-L	BB
SAXAS NUTZFAHR. WERDAU AG	MKD L N	BB
SAXAS NUTZFAHR. WERDAU AG	MKD L U	BB
SAXAS NUTZFAHR. WERDAU AG	MKD M E	BB
SCANIA	CITYWIDE	CA
SCANIA	G410	BB
SCANIA	G410	BE
SCANIA	G450	BE
SCANIA	INTERLINK	CA
SCANIA	L280	BB
SCANIA	OMNILINK	CA
SCANIA	P DB	BB
SCANIA	P DB 67115	BB
SCANIA	P DB4X2MNA	BB
SCANIA	P220	BB
SCANIA	P230	BB
SCANIA	P250	BB
SCANIA	P280	BB
SCANIA	P320	BB
SCANIA	P360	BB
SCANIA	P370	BB
SCANIA	PM ZL 60100	BB
SCANIA	R410	BB
SCANIA	R410	BE
SCANIA	R450	BB
SCANIA	R450	BE
SCANIA	R490	BE
SCANIA	R500	BE
SCANIA	R520	BE
SCANIA	R530	BE
SCANIA	R560	BE
SCANIA	R580	BE
SCANIA	TOURING HD	CA
SEA	M100	SA
SEA	P200	SA
SEA	P210	SA
SEA	P250	SA
SEAT	ALHAMBRA	AC
SEAT	ALHAMBRA	AF
SEAT	ALHAMBRA PD AUY	BB
SEAT	ALTEA	AC
SEAT	ALTEA	AF
SEAT	ALTEA 4 FREETRACK	AF
SEAT	ALTEA FREETRACK	AF
SEAT	ARONA	AB
SEAT	AROSA	AB
SEAT	ATECA	AC
SEAT	CORDOBA	AA
SEAT	CORDOBA-VARIO	AC
SEAT	CUPRA ATECA	AC
SEAT	CUPRA LEON	AC
SEAT	EXEO	AA
SEAT	EXEO ST	AC
SEAT	FURA	AB
SEAT	FURA L	AB
SEAT	IBIZA	AB
SEAT	IBIZA	AF
SEAT	IBIZA CUPRA	AB
SEAT	IBIZA L	AB
SEAT	IBIZA ST	AC
SEAT	INCA	BB
SEAT	INCA AUD	BB
SEAT	INCA AYQ	BB
SEAT	INCA D LIGHT	BB
SEAT	INCA LIGHT	BB
SEAT	LEON	AB
SEAT	LEON	AC
SEAT	LEON	AF
SEAT	LEON E-HYBRID150	AC
SEAT	LEON SC	AC
SEAT	LEON SP	AC
SEAT	LEON SP E-HYBRID150	AC
SEAT	LEON SPORTOURER	AC
SEAT	LEON SPORTOURER ST	AC
SEAT	LEON ST	AC
SEAT	LEON X-PERIENCE	AC
SEAT	MALAGA	AA
SEAT	MARBELLA	AB
SEAT	MARBELLA L	AB
SEAT	MII	AB
SEAT	RONDA	AB
SEAT	TARRACO	AC
SEAT	TERRA	BB
SEAT	TERRA Z.R	BB
SEAT	TOLEDO	AA
SEAT	TOLEDO	AF
SERES	3	AC
SERES	5	AC
SERES	DFSK	AC
SETRA	S DT	CA
SETRA	S GT-HD	CA
SETRA	S HD	CA
SETRA	S HD 2	CA
SETRA	S HDH	CA
SETRA	S LE	CA
SETRA	S UL	CA
SHELBY	GT	AD
SIMCA	1000	AA
SIMCA	1100	AB
SIMCA	ARONDE	AA
SKODA	105	AA
SKODA	105 L	AA
SKODA	120 L	AA
SKODA	130	AA
SKODA	CITIGO	AB
SKODA	ELROQ	AB
SKODA	ENYAQ	AB
SKODA	ENYAQ	AC
SKODA	ENYAQ 80X	AC
SKODA	ENYAQ 85X	AC
SKODA	FABIA	AB
SKODA	FABIA	AC
SKODA	FAVORIT	AB
SKODA	FELICIA	AB
SKODA	FELICIA	AC
SKODA	FELICIA	AF
SKODA	FELICIA FAST BACK	AB
SKODA	KAMIQ	AB
SKODA	KAROQ	AC
SKODA	KODIAQ	AC
SKODA	OCTAVIA	AA
SKODA	OCTAVIA	AC
SKODA	OCTAVIA C	AC
SKODA	PRAKTIK	BB
SKODA	RAPID	AA
SKODA	RAPID	AB
SKODA	RAPID G COUPE	AA
SKODA	ROOMSTER	AC
SKODA	ROOMSTER	AF
SKODA	SCALA	AB
SKODA	SUPERB	AA
SKODA	SUPERB	AC
SKODA	YETI	AC
SMART	#1	AB
SMART	#3	AB
SMART	#5	AF
SMART	452	AE
SMART	ELECTRIC DRIVE	AD
SMART	ELECTRIC DRIVE	AE
SMART	EQ FORFOUR	AA
SMART	EQ FORTWO CABRIOLET	AE
SMART	EQ FORTWO COUPE	AD
SMART	FORFOUR	AA
SMART	FORFOUR	AC
SMART	FORFOUR BRABUS	AA
SMART	FORFOUR BRABUS	AC
SMART	FORFOUR ED	AA
SMART	FORTWO	AD
SMART	FORTWO BRABUS CABRIOLET	AE
SMART	FORTWO BRABUS COUPE	AD
SMART	FORTWO CABRIOLET	AE
SMART	FORTWO COUPE	AD
SMART	FORTWO ED CABRIOLET	AE
SMART	FORTWO ED COUPE	AD
SMART	FORTWO MHD CABRIOLET	AE
SMART	FORTWO MHD COUPE	AD
SMART	ROADSTER	AD
SMART	ROADSTER	AE
SMART	ROADSTER BRABUS	AE
SMART	ROADSTER BRABUS COUPE	AE
SMART	ROADSTER COUPE	AD
SMART	ROADSTER COUPE	AE
SMART	SMART	AB
SMART	SMART	AD
SMART	SMART	AE
SOLARIS	TROLLINO	CA
SOLARIS	URBINO	CA
SOLARIS	URBINO 15LE	CA
SOLARIS	URBINO 9LE	CA
SOLARIS	URBINO HYDROGEN	CA
SOMMER GMBH	MOVANO	BB
SOMMER GMBH	PANELVAN	BB
SOMMER GMBH	TGSL	BB
SOMMER GMBH	TIB	BB
SOMMER GMBH	TIM	BB
SPARTAN	MK	AE
SPARTAN	MK2	AE
SPIER	ATHLET 2	BB
SPIER	ETGE-ATHLET	BB
SPIER	P45	BB
SPIER	P55	BB
SPIER	P70	BB
SSANGYONG	ACTYON	AB
SSANGYONG	KORANDO	AC
SSANGYONG	KORANDO	AF
SSANGYONG	KORANDO	BB
SSANGYONG	KORANDO E-MOTION	AC
SSANGYONG	KORANDO TD HR	BB
SSANGYONG	KYRON	AC
SSANGYONG	KYRON M200 HR	BB
SSANGYONG	MUSSO	BB
SSANGYONG	MUSSO HIGH ROOF	BB
SSANGYONG	MUSSO HR	BB
SSANGYONG	MUSSO TD HR	BB
SSANGYONG	REXTON	AC
SSANGYONG	REXTON	BB
SSANGYONG	REXTON RX270 XDI	BB
SSANGYONG	REXTON RX270 XDI HR	BB
SSANGYONG	REXTON RX270 XVT	BB
SSANGYONG	REXTON RX270 XVT HR	BB
SSANGYONG	REXTON RX290	BB
SSANGYONG	REXTON RX290 HR	BB
SSANGYONG	TIVOLI	AC
SSANGYONG	XLV	BB
STREETSCOOTER	B14 POST	BB
STREETSCOOTER	WORK	BB
STREETSCOOTER	WORK L	BB
STUDEBAKER	CHAMPION	AA
SUBARU	B9 TRIBECA	AC
SUBARU	BRZ	AD
SUBARU	CROSSTREK	AC
SUBARU	CROSSTREK	AF
SUBARU	E SDX	AC
SUBARU	E10	BB
SUBARU	E12 MINIBUS	AF
SUBARU	FORESTER	AC
SUBARU	G3X JUSTY	AC
SUBARU	GL	AA
SUBARU	IMPREZA	AA
SUBARU	IMPREZA	AC
SUBARU	IMPREZA WRX	AA
SUBARU	IMPREZA WRX	AB
SUBARU	IMPREZA WRX STI	AA
SUBARU	JUSTY	AB
SUBARU	JUSTY G3X	AC
SUBARU	JUSTY GX	AB
SUBARU	JUSTY S II	AB
SUBARU	JUSTY SI	AB
SUBARU	LEGACY	AA
SUBARU	LEGACY	AC
SUBARU	LEGACY GX	AA
SUBARU	LEGACY OUTBACK	AC
SUBARU	LEVORG	AC
SUBARU	MINI JUMBO	AB
SUBARU	MINI JUMBO SDX	AA
SUBARU	MINI JUMBO SDX	AB
SUBARU	MINI JUMBO SUPER	AB
SUBARU	OUTBACK	AC
SUBARU	OUTBACK	AF
SUBARU	SOLTERRA	AC
SUBARU	SVX	AD
SUBARU	TREZIA	AB
SUBARU	TREZIA	AF
SUBARU	TRIBECA	AC
SUBARU	UNCHARTED	AC
SUBARU	VIVIO	AB
SUBARU	VIVIO ECVT	AB
SUBARU	WRX	AA
SUBARU	XV	AC
SUN LIVING	A-SERIES A 75DP	SA
SUN LIVING	A-SERIES A 75SL	SA
SUN LIVING	A-SERIES A DP	SA
SUN LIVING	C-SERIES C 65SL	SA
SUN LIVING	FLEXO	SA
SUN LIVING	FLEXO SP	SA
SUN LIVING	LIDO M SL	SA
SUN LIVING	LIDO M SP	SA
SUN LIVING	LIDO S SC	SA
SUN LIVING	LIDO S SL	SA
SUN LIVING	S-SERIES S 65SL	SA
SUN LIVING	S-SERIES S 70SL	SA
SUN LIVING	S-SERIES S 72DL	SA
SUN LIVING	S-SERIES S 75SL	SA
SUN LIVING	S-SERIES S SC	SA
SUN LIVING	S-SERIES S SL	SA
SUN LIVING	S-SERIES SL	SA
SUN LIVING	V-SERIES 65SL	SA
SUN LIVING	V-SERIES SL	SA
SUN LIVING	V-SERIES V 60SP	SA
SUN LIVING	V-SERIES V 65SL	SA
SUNBEAM	ALPINE	AE
SUZUKI	ACROSS	AC
SUZUKI	ALTO	AB
SUZUKI	ALTO 3-DEURS	AB
SUZUKI	ALTO GA	AA
SUZUKI	ALTO GA	AB
SUZUKI	BALENO	AA
SUZUKI	BALENO	AB
SUZUKI	BALENO	AC
SUZUKI	BALENO GS	AB
SUZUKI	BALENO GS DYNAMIC	AB
SUZUKI	BALENO GSX	AB
SUZUKI	CAPPUCCINO	AE
SUZUKI	CARRY	BB
SUZUKI	CARRY COMMERCIAL	BB
SUZUKI	CELERIO	AB
SUZUKI	E VITARA	AB
SUZUKI	ET	AE
SUZUKI	EVERY	AF
SUZUKI	FD CARRY	BB
SUZUKI	GRAND VITARA	AC
SUZUKI	GRAND VITARA	AF
SUZUKI	GRAND VITARA	BB
SUZUKI	GRAND VITARA XL-7	AC
SUZUKI	IGNIS	AB
SUZUKI	IGNIS	AC
SUZUKI	JIMNY	AC
SUZUKI	JIMNY	AE
SUZUKI	JIMNY	AF
SUZUKI	JIMNY	BB
SUZUKI	KIZASHI	AA
SUZUKI	LIANA	AA
SUZUKI	LIANA	AC
SUZUKI	LJ	AE
SUZUKI	LJ Q	AE
SUZUKI	LJ V	BB
SUZUKI	LJ80	AE
SUZUKI	MM	AC
SUZUKI	S-CROSS	AB
SUZUKI	SA	AB
SUZUKI	SAMURAI	AE
SUZUKI	SAMURAI	AF
SUZUKI	SAMURAI	BB
SUZUKI	SAMURAI BLUE-LAGOON	AE
SUZUKI	SAMURAI CABRIOLET	AE
SUZUKI	SAMURAI COMMERCIAL	AE
SUZUKI	SAMURAI METAL TOP	AA
SUZUKI	SAMURAI METAL TOP LUXEK9	AA
SUZUKI	SAMURAI METAL TOP LUXEU9	AA
SUZUKI	SJ	AE
SUZUKI	SJ HJX	BB
SUZUKI	SJ L	AE
SUZUKI	SJ Q	AE
SUZUKI	SJ QJL	AE
SUZUKI	SJ QJX	AE
SUZUKI	SJ V	AC
SUZUKI	SJ V	BB
SUZUKI	SJ VJX	AA
SUZUKI	SJ VJX	BB
SUZUKI	SJ410 BLIND	BB
SUZUKI	SJ413 QJX	AE
SUZUKI	SPLASH	AC
SUZUKI	ST V	BB
SUZUKI	SUPER CARRY	BB
SUZUKI	SUPER CARRY COMMERCIAL	BB
SUZUKI	SWACE	AC
SUZUKI	SWIFT	AB
SUZUKI	SWIFT 1 3	AB
SUZUKI	SWIFT 1 3 GS	AB
SUZUKI	SWIFT CABRIOLET	AE
SUZUKI	SWIFT COMMERCIAL	BB
SUZUKI	SWIFT GA	AB
SUZUKI	SWIFT GC	AB
SUZUKI	SWIFT GS	AB
SUZUKI	SWIFT GX	AB
SUZUKI	SX4	AB
SUZUKI	SX4 SUZUKI SX4	AB
SUZUKI	SX4 SUZUKI SX4 S-C	AB
SUZUKI	SX4 SUZUKI SX4 S-CROSS	AB
SUZUKI	TA	AE
SUZUKI	TA CABRIOLET	AE
SUZUKI	VITARA	AB
SUZUKI	VITARA JA CABRIOLET	AE
SUZUKI	VITARA JLX	AE
SUZUKI	VITARA JLX	BB
SUZUKI	VITARA JLX CABRIOLET	AE
SUZUKI	VITARA JX CABRIOLET	AE
SUZUKI	VITARA METAL TOP JLX	AA
SUZUKI	VITARA METALTOP JLX	AA
SUZUKI	VITARA MONTEGO BAY	AE
SUZUKI	VITARA VILLAGER	AC
SUZUKI	WAGON R	AC
SUZUKI	WAGON-R	AC
SUZUKI	WAGON-R	AF
SUZUKI	X-90	AA
SYLVA	STRIKER	AE
TALBOT	SAMBA CABRIOLET	AE
TALBOT	SOLARA	AA
TALBOT	TAGORA	AA
TEC	ADVANTEC TI	SA
TEC	ADVANTEC V 644-3G	SA
TEC	FREETEC TI	SA
TEC	ROTEC H 682-2G	SA
TEC	ROTEC I	SA
TEC	ROTEC TI	SA
TEC	TI	SA
TEC	V640	SA
TEMSA	MD9	CA
TEMSA	PRESTIJ	CA
TESLA	MODEL 3	AA
TESLA	MODEL S	AB
TESLA	MODEL X	AB
TESLA	MODEL X	AF
TESLA	MODEL Y	AF
TESLA	ROADSTER	AE
THINK	TH NK	AB
THOR	ACE	SA
TOTH ES FIAI	CLEVER	SA
TOURNE MOBIL	TOURNE	SA
TOYOTA	4 RUNNER	AC
TOYOTA	4RUNNER	AC
TOYOTA	4RUNNER	AF
TOYOTA	86	AD
TOYOTA	A2	AC
TOYOTA	ALTEZZA	AA
TOYOTA	ARISTO	AA
TOYOTA	ARISTO V300	AA
TOYOTA	AURIS	AB
TOYOTA	AURIS	AC
TOYOTA	AURIS	AF
TOYOTA	AVENSIS	AA
TOYOTA	AVENSIS	AB
TOYOTA	AVENSIS	AC
TOYOTA	AVENSIS	AF
TOYOTA	AVENSIS VERSO	AC
TOYOTA	AVENSIS VERSO D4-D	BB
TOYOTA	AYGO	AB
TOYOTA	AYGO X	AB
TOYOTA	BJ40	AC
TOYOTA	BZ4X	AC
TOYOTA	C-HR	AB
TOYOTA	C-HR	AC
TOYOTA	CAMRY	AA
TOYOTA	CAMRY HYBRIDE	AA
TOYOTA	CARINA	AA
TOYOTA	CARINA	AB
TOYOTA	CARINA	AC
TOYOTA	CARINA E GTS-I	AA
TOYOTA	CARINA E LB	AB
TOYOTA	CARINA E LB XLI-E2	AB
TOYOTA	CARINA E STAT.W	AC
TOYOTA	CARINA II	AA
TOYOTA	CARINA II	AB
TOYOTA	CARINA II ATM-U9	AA
TOYOTA	CARINA II DX-K6	AA
TOYOTA	CARINA II LB	AB
TOYOTA	CELICA	AD
TOYOTA	CELICA	AE
TOYOTA	CELICA +	AD
TOYOTA	CELICA 4WD-U9	AD
TOYOTA	CELICA CABRIOLET	AE
TOYOTA	CELICA COUPE	AD
TOYOTA	CELICA GT-U9 CABRIOLET	AE
TOYOTA	CELICA GTI-16-U9	AD
TOYOTA	CELICA LB ST	AD
TOYOTA	CELICA ST	AD
TOYOTA	CELICA ST COUPE	AD
TOYOTA	CELICA STI	AD
TOYOTA	CELICA STI-U9	AD
TOYOTA	CENTURY	AA
TOYOTA	CHALLENGER 5DSHD C	BB
TOYOTA	CHALLENGER C	BB
TOYOTA	CHALLENGER TD COMM	BB
TOYOTA	CHASER	AA
TOYOTA	COROLLA	AA
TOYOTA	COROLLA	AB
TOYOTA	COROLLA	AC
TOYOTA	COROLLA 3-DRS	AB
TOYOTA	COROLLA 3-DRS 5 SPEED	AB
TOYOTA	COROLLA 5SPEED	AA
TOYOTA	COROLLA ATM	AB
TOYOTA	COROLLA ATM-U9	AB
TOYOTA	COROLLA AUT-E2	AA
TOYOTA	COROLLA COMMERCIAL	BB
TOYOTA	COROLLA COMPRESSOR	AB
TOYOTA	COROLLA COUPE	AD
TOYOTA	COROLLA D H.B	AB
TOYOTA	COROLLA DSL	AB
TOYOTA	COROLLA GTS-I-E2	AB
TOYOTA	COROLLA H.B	AB
TOYOTA	COROLLA H.B-K6	AB
TOYOTA	COROLLA H.B.-K6	AB
TOYOTA	COROLLA H.B.-U9	AB
TOYOTA	COROLLA L.B	AB
TOYOTA	COROLLA L.B.-K6	AB
TOYOTA	COROLLA L.B.-U9	AB
TOYOTA	COROLLA LIFT.B XLI-E2	AB
TOYOTA	COROLLA SEDAN-K6	AA
TOYOTA	COROLLA SI-U9	AB
TOYOTA	COROLLA STAT.W XLI-E2	AC
TOYOTA	COROLLA SXL	AB
TOYOTA	COROLLA TWIN CAM VALVES COUPE	AD
TOYOTA	COROLLA TWINCAM	AB
TOYOTA	COROLLA VERSO	AC
TOYOTA	COROLLA VERSO	AF
TOYOTA	COROLLA XLI-E2	AA
TOYOTA	COROLLA XLI-E2	AB
TOYOTA	COROLLA XLI-U9	AA
TOYOTA	COROLLA XLI-U9	AB
TOYOTA	CRESSIDA	AA
TOYOTA	CROWN	AA
TOYOTA	CROWN ATHLETE	AA
TOYOTA	DAIHATSU CHARADE	AF
TOYOTA	DOLPHIN	SA
TOYOTA	DYNA	BB
TOYOTA	FJ CRUISER	AC
TOYOTA	FJ CRUISER	AF
TOYOTA	FJ CRUISER	BB
TOYOTA	GR	AD
TOYOTA	GR YARIS	AB
TOYOTA	GT86	AD
TOYOTA	HI-ACE	SA
TOYOTA	HI-ACE COMMERCIAL	BB
TOYOTA	HI-ACE COMMERCIAL LONG D	BB
TOYOTA	HIACE	AF
TOYOTA	HIACE	BB
TOYOTA	HIACE	SA
TOYOTA	HIACE D DUBBELE CABINE	BB
TOYOTA	HIACE D DUBBELE CABINE SOD	BB
TOYOTA	HIACE D DUBBELE CABINE SPACER	BB
TOYOTA	HIACE D EMOTION	BB
TOYOTA	HIACE D SOD	BB
TOYOTA	HIACE D4-D	BB
TOYOTA	HIACE D4-D	SA
TOYOTA	HIACE D4-D ATM	BB
TOYOTA	HIACE D4-D DUBBELE CABINE	BB
TOYOTA	HIACE D4-D DUBBELECABINE SPACER	BB
TOYOTA	HIACE D4-D EM	BB
TOYOTA	HIACE D4-D EMOTION	BB
TOYOTA	HIACE D4-D EMOTION ATM	BB
TOYOTA	HIACE D4-D SOD	BB
TOYOTA	HIACE DSL	BB
TOYOTA	HIACE DSL DUBB.CABINE	BB
TOYOTA	HIACE DUBBELE CABINE	BB
TOYOTA	HIACE EMOTION	BB
TOYOTA	HIACE EMOTION	SA
TOYOTA	HIACE SO	BB
TOYOTA	HIGHLANDER	AC
TOYOTA	HIGHLANDER	AF
TOYOTA	HILUX	BB
TOYOTA	HILUX	BE
TOYOTA	HILUX XC D	BB
TOYOTA	HILUX XC D	BE
TOYOTA	IQ	AD
TOYOTA	J10	BB
TOYOTA	L.CRUISER	BB
TOYOTA	L.CRUISER FRP VX SHD	BB
TOYOTA	LAND CRUISER	AC
TOYOTA	LAND CRUISER	AF
TOYOTA	LAND CRUISER	BB
TOYOTA	LAND CRUISER 120SERIES	AC
TOYOTA	LAND CRUISER 120SERIES	AF
TOYOTA	LAND CRUISER 120SERIES	BB
TOYOTA	LAND CRUISER BJ	AC
TOYOTA	LAND CRUISER BJ	BB
TOYOTA	LAND CRUISER BJ40	BB
TOYOTA	LAND CRUISER CUSTOMW TD	BB
TOYOTA	LAND CRUISER CUSTOMWAGON	AC
TOYOTA	LAND CRUISER CUSTOMWAGON D	AC
TOYOTA	LAND CRUISER D 3-DRS HRB	BB
TOYOTA	LAND CRUISER D 3-DRS VX ATM HRB	BB
TOYOTA	LAND CRUISER D 3-DRS VX HRB	BB
TOYOTA	LAND CRUISER D 5-DRS ATM HRB	BB
TOYOTA	LAND CRUISER D 5-DRS ATM HRW	BB
TOYOTA	LAND CRUISER D 5-DRS ATM SRB	BB
TOYOTA	LAND CRUISER D 5-DRS ATM SRW	BB
TOYOTA	LAND CRUISER D 5-DRS EXEC ATM SRW	BB
TOYOTA	LAND CRUISER D 5-DRS VX ATM SRB	BB
TOYOTA	LAND CRUISER D 5-DRS VX ATM SRW	BB
TOYOTA	LAND CRUISER D 5-DRS VX SRB	BB
TOYOTA	LAND CRUISER D 5-DRS VX SRW	BB
TOYOTA	LAND CRUISER D ATM SRW	BB
TOYOTA	LAND CRUISER D EXEC HRW ATM	BB
TOYOTA	LAND CRUISER D HRB	BB
TOYOTA	LAND CRUISER D HRBV	BB
TOYOTA	LAND CRUISER D SRBV	BB
TOYOTA	LAND CRUISER D SRWV	BB
TOYOTA	LAND CRUISER D VX HRB	BB
TOYOTA	LAND CRUISER D VX HRB ATM	BB
TOYOTA	LAND CRUISER D VX HRW ATM	BB
TOYOTA	LAND CRUISER D VX SRB	BB
TOYOTA	LAND CRUISER D VX SRB ATM	BB
TOYOTA	LAND CRUISER D VX SRW	BB
TOYOTA	LAND CRUISER D VX SRW ATM	BB
TOYOTA	LAND CRUISER FJ40	BB
TOYOTA	LAND CRUISER FRP TOP D	BB
TOYOTA	LAND CRUISER FRP TOP TD	BB
TOYOTA	LAND CRUISER HARD TOP	AC
TOYOTA	LAND CRUISER HARD TOP D	BB
TOYOTA	LAND CRUISER HARD TOP TD	BB
TOYOTA	LAND CRUISER SERIES	AC
TOYOTA	LAND CRUISER SERIES	AF
TOYOTA	LAND CRUISER SERIES	BB
TOYOTA	LANDC FRP-TOP C.D	BB
TOYOTA	LANDCR AUT+SRW	BB
TOYOTA	LANDCR C.W	AC
TOYOTA	LANDCR C.W TD	AC
TOYOTA	LANDCR C.W TD	BB
TOYOTA	LANDCR FRP SHD	BB
TOYOTA	LANDCR FRP-TOP S.H.D	BB
TOYOTA	LANDCR HARDT.COM D	BB
TOYOTA	LANDCR HRB	BB
TOYOTA	LANDCR HRDT L C.D	BB
TOYOTA	LANDCR HRDT L C.D	SA
TOYOTA	LANDCR HRDT.COMM.TD	BB
TOYOTA	LANDCR HRDT.FRP C.D	BB
TOYOTA	LANDCR HRDT.L.C.HD	BB
TOYOTA	LANDCR HRW	BB
TOYOTA	LANDCR.70 FRP VX SHD	BB
TOYOTA	LANDCRUISER	AC
TOYOTA	LANDCRUISER	AE
TOYOTA	LANDCRUISER	AF
TOYOTA	LANDCRUISER	BB
TOYOTA	LANDCRUISER	BE
TOYOTA	LANDCRUISER	SA
TOYOTA	LANDCRUISER 120SERIES	BB
TOYOTA	LANDCRUISER 3DC	BB
TOYOTA	LANDCRUISER BJ	BB
TOYOTA	LANDCRUISER BJ42	BB
TOYOTA	LANDCRUISER BJ45 HT LD	BB
TOYOTA	LANDCRUISER C	BB
TOYOTA	LANDCRUISER CUST TD COM	BB
TOYOTA	LANDCRUISER CUST.TD COM	BB
TOYOTA	LANDCRUISER CUSTOM	AC
TOYOTA	LANDCRUISER CUSTOMWAGEN	AC
TOYOTA	LANDCRUISER CUSTOMWAGON	AC
TOYOTA	LANDCRUISER CW.C.AUT	BB
TOYOTA	LANDCRUISER CW.COM	BB
TOYOTA	LANDCRUISER D	AA
TOYOTA	LANDCRUISER D	BB
TOYOTA	LANDCRUISER D.H T.C	BB
TOYOTA	LANDCRUISER D4-D HRB	BB
TOYOTA	LANDCRUISER D4-D HRW	BB
TOYOTA	LANDCRUISER D4-D SRB	BB
TOYOTA	LANDCRUISER D4-D SRW	BB
TOYOTA	LANDCRUISER EXEC	BB
TOYOTA	LANDCRUISER EXEC HW	BB
TOYOTA	LANDCRUISER F T.C	BB
TOYOTA	LANDCRUISER FJ40	BB
TOYOTA	LANDCRUISER FRP	BB
TOYOTA	LANDCRUISER FRP C.D	BB
TOYOTA	LANDCRUISER FRP SHD	BB
TOYOTA	LANDCRUISER HRDT.C.D	BB
TOYOTA	LANDCRUISER L D	BB
TOYOTA	LANDCRUISER SB	BB
TOYOTA	LANDCRUISER SERIES	AC
TOYOTA	LANDCRUISER SERIES	AF
TOYOTA	LANDCRUISER SERIES	BB
TOYOTA	LANDCRUISER SRB	BB
TOYOTA	LANDCRUISER SRW	BB
TOYOTA	LANDCRUISER TD COMM	BB
TOYOTA	LANDCRUISER VX	BB
TOYOTA	LANDCRUISER90	BB
TOYOTA	LITE ACE COMM D	BB
TOYOTA	LITE ACE COMMERCIAL	BB
TOYOTA	LITE-ACE COMMERCIAL	BB
TOYOTA	LITE-ACE COMMERCIAL D	BB
TOYOTA	MIRAI	AA
TOYOTA	MR	AE
TOYOTA	MR 2	AE
TOYOTA	MR2	AD
TOYOTA	MR2	AE
TOYOTA	MR2 TOYOTA MR	AE
TOYOTA	MR2 TWIN CAM	AD
TOYOTA	MR2 TWIN CAM T-BAR	AD
TOYOTA	MR2 TWIN CAM T-BAR-E2	AD
TOYOTA	MR2 TWIN CAM T.BAR ROOF	AD
TOYOTA	MR2 TWIN CAM T.BAR ROOF-U9	AD
TOYOTA	MR2 TWIN CAM-K6	AD
TOYOTA	MR2 TWIN CAM-U9	AD
TOYOTA	P1	AB
TOYOTA	P9	AB
TOYOTA	PASEO	AD
TOYOTA	PASEO	AE
TOYOTA	PICNIC	AF
TOYOTA	PICNIC COMMERCIAL	BB
TOYOTA	PREVIA	AC
TOYOTA	PREVIA	AF
TOYOTA	PRIUS	AB
TOYOTA	PRIUS PHV	AB
TOYOTA	PRIUS PLUS	AF
TOYOTA	PROACE	AF
TOYOTA	PROACE	BB
TOYOTA	PROACE DUBBELE CABINE	BB
TOYOTA	PROACE MAX	BB
TOYOTA	PROACE TAXI	AF
TOYOTA	PROACE TRIPOD	AF
TOYOTA	PROACE VERSO	AF
TOYOTA	RAV 4	AC
TOYOTA	RAV 4	AF
TOYOTA	RAV-4	AC
TOYOTA	RAV-4	AF
TOYOTA	RAV4	AC
TOYOTA	RAV4	AF
TOYOTA	RAV4 D D-CAT	BB
TOYOTA	RAV4 D F	BB
TOYOTA	RAV4 D LINEA LUNA	BB
TOYOTA	RAV4 D LINEA SOL	BB
TOYOTA	RAV4 D-CAT	BB
TOYOTA	RAV4 D4-D LINEA LUNA	BB
TOYOTA	RAV4 D4-D LINEA SOL	BB
TOYOTA	RAV4 FUNCRUISER	AC
TOYOTA	RAV4 LINEA SOL	BB
TOYOTA	SIENNA	AC
TOYOTA	SIENNA	AF
TOYOTA	SOARER	AD
TOYOTA	STARLET	AB
TOYOTA	STARLET 3-DRS.AUT	AB
TOYOTA	STARLET 5-DRS	AB
TOYOTA	STARLET ATM	AB
TOYOTA	STARLET AUT.-U9	AB
TOYOTA	STARLET SI	AB
TOYOTA	STARLET SXL 5 SPEED	AB
TOYOTA	STARLET XL-U9	AB
TOYOTA	SUPRA	AD
TOYOTA	SUPRA TWIN	AD
TOYOTA	TACOMA	BE
TOYOTA	TERCEL	AB
TOYOTA	TOYOTA	BB
TOYOTA	TUNDRA	BE
TOYOTA	URBAN CRUISER	AB
TOYOTA	URBAN CRUISER	AF
TOYOTA	VERSO	AC
TOYOTA	VERSO	AF
TOYOTA	VERSO D D-CAT	BB
TOYOTA	VERSO D F	BB
TOYOTA	VERSO-S	AB
TOYOTA	VERSO-S	AF
TOYOTA	YARIS	AB
TOYOTA	YARIS	AF
TOYOTA	YARIS 5P ENTRY	AB
TOYOTA	YARIS CROSS	AB
TOYOTA	YARIS CROSS	AF
TOYOTA	YARIS VERSO	AC
TOYOTA	YARIS VERSO ATM	BB
TOYOTA	YARIS VERSO D4-D	BB
TRABANT	601	AA
TRABANT	601	AB
TRABANT	601 K	AC
TRABANT	N LIMUSIN	AA
TRABANT	P601	AA
TRABANT	P601L	AA
TRIGANO	AUTOROLLER	SA
TRIGANO	AUTOROLLER 2	SA
TRIGANO	AUTOROLLER 255P	SA
TRIGANO	AUTOROLLER 7	SA
TRIGANO	AUTOROLLER GARAGE P	SA
TRIGANO	AUTOROLLER P	SA
TRIGANO	CIA5	SA
TRIGANO	DAVIS 590FB	SA
TRIGANO	ELLIOT P	SA
TRIGANO	EUROCAMP	SA
TRIGANO	EUROCAMP 2	SA
TRIGANO	GRANDUCA	SA
TRIGANO	GRANDUCA GARAGE	SA
TRIGANO	GRANDUCA GARAGE P	SA
TRIGANO	GRANDUCA P	SA
TRIGANO	GRANDUCA P S	SA
TRIGANO	PEGASO	SA
TRIGANO	PEGASO GARAGE LIVING	SA
TRIGANO	RIVIERA	SA
TRIGANO	RIVIERA GARAGE P	SA
TRIGANO	RIVIERA P	SA
TRIGANO	SIRIO P	SA
TRIGANO	T-LINE GARAGE	SA
TRIGANO	TWIST 2	SA
TRIUMPH	HERALD	AA
TRIUMPH	HERALD	AE
TRIUMPH	HERALD CABRIOLET	AE
TRIUMPH	SPITFIRE	AE
TRIUMPH	SPITFIRE MK III	AE
TRIUMPH	SPITFIRE MK IV	AE
TRIUMPH	SPITFIRE TC	AE
TRIUMPH	SPORT TR III A	AE
TRIUMPH	STAG	AE
TRIUMPH	TR	AE
TRIUMPH	TR 2	AE
TRIUMPH	TR 3	AE
TRIUMPH	TR 3 A	AE
TRIUMPH	TR 3A	AE
TRIUMPH	TR 4	AE
TRIUMPH	TR 4 A	AE
TRIUMPH	TR 5 PI	AE
TRIUMPH	TR 6	AE
TRIUMPH	TR 6 CABRIOLET	AE
TRIUMPH	TR 6 PI	AE
TRIUMPH	TR2	AE
TRIUMPH	TR250	AE
TRIUMPH	TR3	AE
TRIUMPH	TR3 A	AE
TRIUMPH	TR3A	AE
TRIUMPH	TR4	AE
TRIUMPH	TR4A	AE
TRIUMPH	TR6	AE
TRIUMPH	TR7 CABRIOLET	AE
TVR	2 SEAT CAR CABRIOLET	AE
TVR	290 S	AE
TVR	350I	AE
TVR	CERBERA	AD
TVR	CHIMAERA	AE
TVR	GRIFFITH	AE
TVR	TUSCAN	AD
TVR	TUSCAN	AE
UAZ	452	AC
UAZ	BUKHANKA	BB
UAZ	BUKHANKA	SA
UNIMOG	S 404.1	BB
VAN BLITTERSWIJK	G4 ECO-MOBILITEIT	BB
VAN HOOL	A330 FUEL CELL	CA
VAN HOOL	EX15 HIGH	CA
VAN HOOL	EX16 MID	CA
VAN HOOL	EX17 HIGH	CA
VAN HOOL	EX17HIGH	CA
VAN HOOL	T15 ACRON	CA
VAN HOOL	T17 ACRON	CA
VAN HOOL	T915 ACRON	CA
VAN HOOL	T916 ACRON	CA
VAN HOOL	T917 ACRON	CA
VAN HOOL	TD ASTROMEGA	CA
VAN HOOL	TD927 ASTROMEGA	CA
VAN HOOL	TDX27 ASTROMEGA	CA
VAN HOOL	TX15 ACRON	CA
VAN HOOL	TX16 ALICRON	CA
VAN HOOL	TX17 ACRON	CA
VAZ	2101	AA
VDL	CITEA LE-122	CA
VDL	CITEA LE-135	CA
VDL	CITEA LF-122	CA
VDL	CITEA LF-181	CA
VDL	CITEA LLE-115	CA
VDL	CITEA LLE-120	CA
VDL	CITEA LLE-99	CA
VDL	CITEA LLE120	CA
VDL	CITEA LLE120.225	CA
VDL	CITEA LLE99	CA
VDL	CITEA SLE-120	CA
VDL	CITEA SLE-129	CA
VDL	CITEA SLF	CA
VDL	CITEA SLF 120.250	CA
VDL	CITEA SLF-120	CA
VDL	CITEA SLFA	CA
VDL	CITEA SLFA-180	CA
VDL	CITEA SLFA-181	CA
VDL	CITEA XLE-145	CA
VDL	FUTURA FDD2-141	CA
VDL	FUTURA FHD2-122	CA
VDL	FUTURA FHD2-129	CA
VDL	FUTURA FHD2-139	CA
VDL	FUTURA FHD2-148	CA
VDL	FUTURA FHD3-129	CA
VDL	MIDCITY	CA
VDL	SLFA-180	CA
VDL	XLE 137.360	CA
VDL BERKHOF	AMBASSADOR	CA
VDL BOVA	FHD 127.365	CA
VDL BOVA	FUTURA FHD	CA
VDL BUS	SB 4000	CA
VDL BUS	SB4000	CA
VDL BUS	SBR4000	CA
VINFAST	VF 8	AF
VM	77	AE
VOLKSWAGEN	1	AA
VOLKSWAGEN	1	AB
VOLKSWAGEN	1	AD
VOLKSWAGEN	1	AE
VOLKSWAGEN	11	AA
VOLKSWAGEN	11	AB
VOLKSWAGEN	11	AD
VOLKSWAGEN	11	AE
VOLKSWAGEN	111	AA
VOLKSWAGEN	113	AA
VOLKSWAGEN	113	AB
VOLKSWAGEN	113	AE
VOLKSWAGEN	117	AA
VOLKSWAGEN	1200	AA
VOLKSWAGEN	1200	AB
VOLKSWAGEN	1200	AD
VOLKSWAGEN	1200	AE
VOLKSWAGEN	1200 KEVER	AA
VOLKSWAGEN	1200 KEVER	AE
VOLKSWAGEN	13	AA
VOLKSWAGEN	13	AE
VOLKSWAGEN	1300	AA
VOLKSWAGEN	1300	AB
VOLKSWAGEN	1300	AE
VOLKSWAGEN	1300 AVKORTAD	AE
VOLKSWAGEN	1302	AA
VOLKSWAGEN	1302	AB
VOLKSWAGEN	1302	AE
VOLKSWAGEN	1302 CABRIOLET	AE
VOLKSWAGEN	1303	AA
VOLKSWAGEN	1303	AE
VOLKSWAGEN	1303 CABRIOLET	AE
VOLKSWAGEN	1303 S	AA
VOLKSWAGEN	1303 S	AE
VOLKSWAGEN	1303 S CABRIOLET	AE
VOLKSWAGEN	14	AD
VOLKSWAGEN	141	AE
VOLKSWAGEN	15	AE
VOLKSWAGEN	15 CABRIOLET	AE
VOLKSWAGEN	1500	AA
VOLKSWAGEN	1500	AB
VOLKSWAGEN	1500	AE
VOLKSWAGEN	1500 CABRIOLET	AE
VOLKSWAGEN	1500 KARMANN	AD
VOLKSWAGEN	1500 KARMANN COUPE	AD
VOLKSWAGEN	151	AE
VOLKSWAGEN	155	AE
VOLKSWAGEN	1600	AA
VOLKSWAGEN	1600	AD
VOLKSWAGEN	1600	AE
VOLKSWAGEN	17	AB
VOLKSWAGEN	18	AE
VOLKSWAGEN	181	AE
VOLKSWAGEN	183 LTIS	AE
VOLKSWAGEN	2	AC
VOLKSWAGEN	2	AF
VOLKSWAGEN	2	BB
VOLKSWAGEN	2	SA
VOLKSWAGEN	21	AC
VOLKSWAGEN	21	AF
VOLKSWAGEN	21	BB
VOLKSWAGEN	21	SA
VOLKSWAGEN	21 F	BB
VOLKSWAGEN	211	BB
VOLKSWAGEN	22	AC
VOLKSWAGEN	22	AF
VOLKSWAGEN	22	SA
VOLKSWAGEN	221	AF
VOLKSWAGEN	23	AC
VOLKSWAGEN	23	AF
VOLKSWAGEN	23	BB
VOLKSWAGEN	23	SA
VOLKSWAGEN	23 1	SA
VOLKSWAGEN	231	AC
VOLKSWAGEN	231	AF
VOLKSWAGEN	231	SA
VOLKSWAGEN	2312	SA
VOLKSWAGEN	24	AF
VOLKSWAGEN	25	SA
VOLKSWAGEN	251	SA
VOLKSWAGEN	253	AC
VOLKSWAGEN	253	AF
VOLKSWAGEN	253	SA
VOLKSWAGEN	255	AF
VOLKSWAGEN	255	SA
VOLKSWAGEN	28	AF
VOLKSWAGEN	28	SA
VOLKSWAGEN	281	SA
VOLKSWAGEN	283	SA
VOLKSWAGEN	29	SA
VOLKSWAGEN	356 SPEEDSTER	AE
VOLKSWAGEN	356 SPEEDSTER REPLICA	AE
VOLKSWAGEN	7 DW	SA
VOLKSWAGEN	7 HK	BB
VOLKSWAGEN	70 X 0B	SA
VOLKSWAGEN	70 X0A	SA
VOLKSWAGEN	70 X0B	SA
VOLKSWAGEN	70 XOB	SA
VOLKSWAGEN	70 XOBL	SA
VOLKSWAGEN	9 KVF	BB
VOLKSWAGEN	ABT E-CADDY	BB
VOLKSWAGEN	ABT E-TRANSPORTER	BB
VOLKSWAGEN	ADVENTURE	SA
VOLKSWAGEN	AMAROK	BB
VOLKSWAGEN	AMAROK	BE
VOLKSWAGEN	AMAROK PLUSCAB	BE
VOLKSWAGEN	ARTEON	AB
VOLKSWAGEN	ARTEON	AC
VOLKSWAGEN	ATLAS	AF
VOLKSWAGEN	AUT	SA
VOLKSWAGEN	BEETLE	AB
VOLKSWAGEN	BEETLE	AE
VOLKSWAGEN	BEETLE CABRIOLET	AE
VOLKSWAGEN	BEST D	BB
VOLKSWAGEN	BEST D	SA
VOLKSWAGEN	BEST.M.R.D	BB
VOLKSWAGEN	BEST.M.R.D	SA
VOLKSWAGEN	BLIX-3M	BB
VOLKSWAGEN	BORA	AA
VOLKSWAGEN	BORA	AB
VOLKSWAGEN	BORA	AC
VOLKSWAGEN	BUGGY	AE
VOLKSWAGEN	BUSINESS	BB
VOLKSWAGEN	BUSNIESS	BB
VOLKSWAGEN	CADDY	AC
VOLKSWAGEN	CADDY	AF
VOLKSWAGEN	CADDY	BB
VOLKSWAGEN	CADDY 1 4	BB
VOLKSWAGEN	CADDY 1 6	BB
VOLKSWAGEN	CADDY 1 9	BB
VOLKSWAGEN	CADDY 2 0	BB
VOLKSWAGEN	CALIFORNIA	AF
VOLKSWAGEN	CALIFORNIA	SA
VOLKSWAGEN	CALIFORNIA BEACH	SA
VOLKSWAGEN	CALIFORNIA II PHD	SA
VOLKSWAGEN	CARAVELLE	AC
VOLKSWAGEN	CARAVELLE	AF
VOLKSWAGEN	CARAVELLE	BB
VOLKSWAGEN	CARAVELLE	SA
VOLKSWAGEN	CARAVELLE B	AF
VOLKSWAGEN	CARAVELLE D	AF
VOLKSWAGEN	CARAVELLE D	SA
VOLKSWAGEN	CARAVELLE D.C	BB
VOLKSWAGEN	CARAVELLE D.C	SA
VOLKSWAGEN	CC	AA
VOLKSWAGEN	CORRADO	AD
VOLKSWAGEN	CRAFTER	BB
VOLKSWAGEN	CRAFTER	BE
VOLKSWAGEN	CRAFTER	SA
VOLKSWAGEN	CRAFTER 2EKE1	BB
VOLKSWAGEN	CRAFTER 2EKE2	BB
VOLKSWAGEN	CRAFTER 2TDI	BB
VOLKSWAGEN	CRAFTER 3500	BB
VOLKSWAGEN	CRAFTER CB	BB
VOLKSWAGEN	CRAFTER CRAFTER	BB
VOLKSWAGEN	CRAFTER CRAFTER	SA
VOLKSWAGEN	CRAFTER H 1	BB
VOLKSWAGEN	CRAFTER H 2	BB
VOLKSWAGEN	CRAFTER MULTICAB	BB
VOLKSWAGEN	DERBY	AA
VOLKSWAGEN	E-TRANSPORTER BOX	BB
VOLKSWAGEN	E-VENTJE	SA
VOLKSWAGEN	EOS	AE
VOLKSWAGEN	EVENTJE	SA
VOLKSWAGEN	FOX	AB
VOLKSWAGEN	GOLF	AB
VOLKSWAGEN	GOLF	AC
VOLKSWAGEN	GOLF 1 4	AB
VOLKSWAGEN	GOLF AUT.K6 CABRIOLET	AE
VOLKSWAGEN	GOLF AUT.U9 CABRIOLET	AE
VOLKSWAGEN	GOLF C	AB
VOLKSWAGEN	GOLF CABRIOLET	AE
VOLKSWAGEN	GOLF CARAT	AB
VOLKSWAGEN	GOLF COUNTRY	AB
VOLKSWAGEN	GOLF G60	AB
VOLKSWAGEN	GOLF PLUS	AC
VOLKSWAGEN	GOLF PLUS	AF
VOLKSWAGEN	GOLF R32	AB
VOLKSWAGEN	GOLF SPORTSVAN	AC
VOLKSWAGEN	GOLF VAR	AC
VOLKSWAGEN	GOLF VI	AB
VOLKSWAGEN	GOLF VII	AB
VOLKSWAGEN	GTI	AB
VOLKSWAGEN	HOCHRAUMKOMBI-KLEINBUS	SA
VOLKSWAGEN	ID BUZZ	AC
VOLKSWAGEN	ID BUZZ	SA
VOLKSWAGEN	ID BUZZ CARGO	BB
VOLKSWAGEN	ID BUZZ KR	AF
VOLKSWAGEN	ID BUZZ LR	AF
VOLKSWAGEN	ID.3	AC
VOLKSWAGEN	ID.3 PERF	AC
VOLKSWAGEN	ID.4	AC
VOLKSWAGEN	ID.5	AC
VOLKSWAGEN	ID.7	AB
VOLKSWAGEN	ID.7	AC
VOLKSWAGEN	ID.BUZZ CARGO	BB
VOLKSWAGEN	ILTIS	AE
VOLKSWAGEN	JETTA	AA
VOLKSWAGEN	JETTA AUT.U9	AA
VOLKSWAGEN	JETTA C	AA
VOLKSWAGEN	JOKER	SA
VOLKSWAGEN	KARMANN	AD
VOLKSWAGEN	KARMANN	AE
VOLKSWAGEN	KARMANN	SA
VOLKSWAGEN	KARMANN CABRIOLET	AE
VOLKSWAGEN	KARMANN COLORADO	SA
VOLKSWAGEN	KARMANN COUPE	AD
VOLKSWAGEN	KARMANN-GHIA	AD
VOLKSWAGEN	KEVER	AA
VOLKSWAGEN	KEVER	AB
VOLKSWAGEN	KEVER	AD
VOLKSWAGEN	KEVER	AE
VOLKSWAGEN	KEVER CABRIOLET	AE
VOLKSWAGEN	LT	AF
VOLKSWAGEN	LT	BB
VOLKSWAGEN	LT	SA
VOLKSWAGEN	LT 28A	BB
VOLKSWAGEN	LT 28A	SA
VOLKSWAGEN	LT 28A D	BB
VOLKSWAGEN	LT 28A D	SA
VOLKSWAGEN	LT 28D	SA
VOLKSWAGEN	LT 35A	BB
VOLKSWAGEN	LT 35A	SA
VOLKSWAGEN	LT 35A D.C	BB
VOLKSWAGEN	LT 35A V.D	BB
VOLKSWAGEN	LT 35A V.D	SA
VOLKSWAGEN	LT 46A	BB
VOLKSWAGEN	LT 46A	SA
VOLKSWAGEN	LT A II D	BB
VOLKSWAGEN	LT A IV D	BB
VOLKSWAGEN	LT A IV D	SA
VOLKSWAGEN	LT D	BB
VOLKSWAGEN	LT D	SA
VOLKSWAGEN	LT D.C	BB
VOLKSWAGEN	LT E D	SA
VOLKSWAGEN	LT E TD	SA
VOLKSWAGEN	LT TD	SA
VOLKSWAGEN	LT V.D	BB
VOLKSWAGEN	LT V.D	SA
VOLKSWAGEN	LT28	SA
VOLKSWAGEN	LT28D	SA
VOLKSWAGEN	LT35	AF
VOLKSWAGEN	LT35	BB
VOLKSWAGEN	LT35	SA
VOLKSWAGEN	LT46A	BB
VOLKSWAGEN	LUPO	AB
VOLKSWAGEN	M.R	SA
VOLKSWAGEN	M.R TD	SA
VOLKSWAGEN	M.R.D	SA
VOLKSWAGEN	MR	SA
VOLKSWAGEN	MR TD	SA
VOLKSWAGEN	MRD	SA
VOLKSWAGEN	MULTIVAN	AC
VOLKSWAGEN	MULTIVAN	AF
VOLKSWAGEN	MULTIVAN	BB
VOLKSWAGEN	MULTIVAN	SA
VOLKSWAGEN	MULTIVAN 2 5	SA
VOLKSWAGEN	NEW BEETLE	AA
VOLKSWAGEN	NEW BEETLE	AB
VOLKSWAGEN	NEW BEETLE	AE
VOLKSWAGEN	NEW BEETLE CABRIOLET	AE
VOLKSWAGEN	OPTIMA	SA
VOLKSWAGEN	PASSAT	AA
VOLKSWAGEN	PASSAT	AC
VOLKSWAGEN	PASSAT C	AA
VOLKSWAGEN	PASSAT C	AB
VOLKSWAGEN	PASSAT C	AC
VOLKSWAGEN	PASSAT CC	AA
VOLKSWAGEN	PASSAT TD	AC
VOLKSWAGEN	PHAETON	AA
VOLKSWAGEN	PICK UP	BE
VOLKSWAGEN	PICK-UP	BE
VOLKSWAGEN	POLO	AB
VOLKSWAGEN	POLO 1 4	AB
VOLKSWAGEN	POLO C	AA
VOLKSWAGEN	POLO C	AC
VOLKSWAGEN	POLO C COUPE	AB
VOLKSWAGEN	POLO CLASSIC C	AA
VOLKSWAGEN	POLO COUPE	AB
VOLKSWAGEN	POLO COUPE	AD
VOLKSWAGEN	POLO FOX	AC
VOLKSWAGEN	POLO FOX COUPE	AB
VOLKSWAGEN	POLO G40 COUPE	AB
VOLKSWAGEN	POLO-CLASSIC	AA
VOLKSWAGEN	POLO-CLASSIC	AC
VOLKSWAGEN	RABBIT	AB
VOLKSWAGEN	ROUTAN	AF
VOLKSWAGEN	SANTANA	AA
VOLKSWAGEN	SANTANA CX	AA
VOLKSWAGEN	SCIROCCO	AB
VOLKSWAGEN	SCIROCCO	AD
VOLKSWAGEN	SHARAN	AC
VOLKSWAGEN	SHARAN	AF
VOLKSWAGEN	SHARAN	BB
VOLKSWAGEN	SMALLANDER	SA
VOLKSWAGEN	SPEEDSTER	AE
VOLKSWAGEN	SPYDER	AE
VOLKSWAGEN	T-CROSS	AC
VOLKSWAGEN	T-ROC	AC
VOLKSWAGEN	T-ROC	AE
VOLKSWAGEN	T1	AC
VOLKSWAGEN	T1	AF
VOLKSWAGEN	T1	BB
VOLKSWAGEN	T1	SA
VOLKSWAGEN	T2	AC
VOLKSWAGEN	T2	AF
VOLKSWAGEN	T2	BB
VOLKSWAGEN	T2	SA
VOLKSWAGEN	T2 WESTFALIA	SA
VOLKSWAGEN	T2A	AC
VOLKSWAGEN	T2A	AF
VOLKSWAGEN	T2A	SA
VOLKSWAGEN	T2B	AC
VOLKSWAGEN	T2B	SA
VOLKSWAGEN	T3	AC
VOLKSWAGEN	T3	AF
VOLKSWAGEN	T3	SA
VOLKSWAGEN	T4	BB
VOLKSWAGEN	T4	SA
VOLKSWAGEN	T4 0 9	BB
VOLKSWAGEN	T4 0 9	SA
VOLKSWAGEN	T4 1 0	BB
VOLKSWAGEN	T4 1 0	SA
VOLKSWAGEN	T4 1 0 A	BB
VOLKSWAGEN	T4 1 0 A	SA
VOLKSWAGEN	T4 1 0 B	BB
VOLKSWAGEN	T4 1 0 TDI75KW DCA	BB
VOLKSWAGEN	T4 1 0 TDIKW75 DCA	BB
VOLKSWAGEN	T4 D.C	BB
VOLKSWAGEN	T5	BB
VOLKSWAGEN	T5	SA
VOLKSWAGEN	T6	BB
VOLKSWAGEN	TAIGO	AC
VOLKSWAGEN	TAYRON	AC
VOLKSWAGEN	TD	SA
VOLKSWAGEN	TDI	SA
VOLKSWAGEN	TIGUAN	AC
VOLKSWAGEN	TOUAREG	AC
VOLKSWAGEN	TOUAREG	AF
VOLKSWAGEN	TOUAREG	BB
VOLKSWAGEN	TOURAN	AC
VOLKSWAGEN	TOURAN	AF
VOLKSWAGEN	TOURAN CROSS	BB
VOLKSWAGEN	TRANSPORTER	BB
VOLKSWAGEN	TRANSPORTER	SA
VOLKSWAGEN	TRANSPORTER 0 7 D	BB
VOLKSWAGEN	TRANSPORTER 0 7 D	SA
VOLKSWAGEN	TRANSPORTER 0 7 D D.C	BB
VOLKSWAGEN	TRANSPORTER 0 8	BB
VOLKSWAGEN	TRANSPORTER 0 8	SA
VOLKSWAGEN	TRANSPORTER 0 8 D	BB
VOLKSWAGEN	TRANSPORTER 0 8 D	SA
VOLKSWAGEN	TRANSPORTER 0 8 D D.C	BB
VOLKSWAGEN	TRANSPORTER 0 8 D.C	BB
VOLKSWAGEN	TRANSPORTER 0 8 D.C	SA
VOLKSWAGEN	TRANSPORTER 1 0	BB
VOLKSWAGEN	TRANSPORTER 1 0	SA
VOLKSWAGEN	TRANSPORTER 1 0 D	BB
VOLKSWAGEN	TRANSPORTER 1 0 D	SA
VOLKSWAGEN	TRANSPORTER 1 0 D.C	BB
VOLKSWAGEN	TRANSPORTER 1 0 D.C	SA
VOLKSWAGEN	TRANSPORTER 1 2	BB
VOLKSWAGEN	TRANSPORTER B	BB
VOLKSWAGEN	TRANSPORTER B	SA
VOLKSWAGEN	TRANSPORTER BLIX-3M DC1	BB
VOLKSWAGEN	TRANSPORTER BLIX-3M DC2	BB
VOLKSWAGEN	TRANSPORTER BLIX-3M DC3	BB
VOLKSWAGEN	TRANSPORTER BLIX-3M DC4	BB
VOLKSWAGEN	TRANSPORTER CC	BB
VOLKSWAGEN	TRANSPORTER CC	SA
VOLKSWAGEN	TRANSPORTER CC 1 0	SA
VOLKSWAGEN	TRANSPORTER CC 1 2	SA
VOLKSWAGEN	TRANSPORTER CC 1 9	SA
VOLKSWAGEN	TRANSPORTER D.C	BB
VOLKSWAGEN	TRANSPORTER D.C	SA
VOLKSWAGEN	TRANSPORTER HD	BB
VOLKSWAGEN	TRANSPORTER HD	SA
VOLKSWAGEN	TRANSPORTER MD	BB
VOLKSWAGEN	TRANSPORTER MD	SA
VOLKSWAGEN	TRANSPORTER MULTIVAN CALI	SA
VOLKSWAGEN	TRANSPORTER SN	BB
VOLKSWAGEN	TRANSPORTER T7	BB
VOLKSWAGEN	TRANSPORTER V.D	BB
VOLKSWAGEN	TRANSPORTER V.D	SA
VOLKSWAGEN	TURBO D	SA
VOLKSWAGEN	UP	AB
VOLKSWAGEN	VANAGON	SA
VOLKSWAGEN	VANAGON L	SA
VOLKSWAGEN	VENTJE	SA
VOLKSWAGEN	VENTO	AA
VOLKSWAGEN	VERKENNER	SA
VOLKSWAGEN	VOLKSWAGEN	AB
VOLKSWAGEN	VOLKSWAGEN	BB
VOLKSWAGEN	VOLKSWAGEN	SA
VOLKSWAGEN	VW-CAMPINGWAGEN	SA
VOLKSWAGEN	VW1	AA
VOLKSWAGEN	WESTFALIA	SA
VOLVO	121	AA
VOLVO	122 S	AA
VOLVO	122 S	AC
VOLVO	123	AA
VOLVO	131	AA
VOLVO	142	AA
VOLVO	144	AA
VOLVO	144 GRAND	AA
VOLVO	145	AC
VOLVO	164	AA
VOLVO	164 E	AA
VOLVO	1800 ES	AC
VOLVO	1800 ES	AD
VOLVO	1800 ES OVERDRIVE	AC
VOLVO	1800 ES OVERDRIVE	AD
VOLVO	240	AA
VOLVO	240	AC
VOLVO	240	BB
VOLVO	240 A	AA
VOLVO	240 A	AC
VOLVO	240 CLASSIC	AC
VOLVO	240 CLASSIC A	AC
VOLVO	240 GL.A	AA
VOLVO	240 GL.A	AC
VOLVO	240 GL.K6	AA
VOLVO	240 GLAUTOMATIC	AA
VOLVO	240 GLT	AA
VOLVO	240 GLT	AC
VOLVO	240 GLT.A	AA
VOLVO	240 GRAND	AA
VOLVO	240 GRAND	AC
VOLVO	240 OVERDRIVE	AA
VOLVO	240 OVERDRIVE	AC
VOLVO	240 POLAR	AC
VOLVO	240 POLAR A	AC
VOLVO	240GL GRAND	AA
VOLVO	242	AA
VOLVO	244	AA
VOLVO	244 AUTOMATISCH	AA
VOLVO	244 GLT	AA
VOLVO	244 L	AA
VOLVO	244 OVERDRIVE	AA
VOLVO	245	AC
VOLVO	245 E OVERDRIVE	AC
VOLVO	245 GLT	AC
VOLVO	245 GLT OVERDRIVE	AC
VOLVO	245 L	AC
VOLVO	245 L	BB
VOLVO	245 OVERDRIVE	AC
VOLVO	262 C	AA
VOLVO	262 COUPE	AD
VOLVO	264	AA
VOLVO	265	AC
VOLVO	265 OVERDRIVE	AC
VOLVO	340	AA
VOLVO	340	AB
VOLVO	340 L	AB
VOLVO	340 WINNER	AB
VOLVO	343	AB
VOLVO	345	AB
VOLVO	360	AA
VOLVO	360	AB
VOLVO	360 GLT	AA
VOLVO	360 GLT	AB
VOLVO	440	AA
VOLVO	440	AB
VOLVO	440 FLEET	AB
VOLVO	440 FLEET I	AB
VOLVO	440 GLT	AB
VOLVO	460	AA
VOLVO	480	AB
VOLVO	480 ES	AB
VOLVO	480 ES I	AB
VOLVO	544	AA
VOLVO	66	AA
VOLVO	740	AA
VOLVO	740	AC
VOLVO	740 A	AA
VOLVO	740 A	AC
VOLVO	740 GL.A	AA
VOLVO	740 GL.A	AC
VOLVO	740 GLA	AC
VOLVO	740 GLE.0 D	AC
VOLVO	740 GLE.A	AC
VOLVO	740 O D	AA
VOLVO	740 O D	AC
VOLVO	740 OVERDRIVE	AA
VOLVO	744	AA
VOLVO	745	AC
VOLVO	760	AA
VOLVO	760	AC
VOLVO	760 GLE.A	AC
VOLVO	760 OVERDRIVE	AA
VOLVO	780	AA
VOLVO	7900	CA
VOLVO	850	AA
VOLVO	850	AC
VOLVO	850 A	AA
VOLVO	850 A	AC
VOLVO	850 GLT	AA
VOLVO	850 GLT	AC
VOLVO	850 GLT A	AA
VOLVO	850 GLT A	AC
VOLVO	850 T-5	AA
VOLVO	850 T-5	AC
VOLVO	850 T-5 R	AC
VOLVO	850 T-5R	AC
VOLVO	850 T5	AA
VOLVO	850 T5	AC
VOLVO	850 T5 R	AA
VOLVO	850 T5 R	AC
VOLVO	8900	CA
VOLVO	940	AA
VOLVO	940	AC
VOLVO	940 A	AA
VOLVO	940 A	AC
VOLVO	940 I.C	AA
VOLVO	940 I.C	AC
VOLVO	940 POLAR	AA
VOLVO	940 POLAR	AC
VOLVO	940 POLAR A	AA
VOLVO	940 POLAR A	AC
VOLVO	940 POLAR I	AA
VOLVO	940 POLAR I	AC
VOLVO	940 POLAR IC	AA
VOLVO	940 POLAR IC	AC
VOLVO	940 T.D	AC
VOLVO	945	AC
VOLVO	9500	CA
VOLVO	960	AA
VOLVO	960	AC
VOLVO	9700	CA
VOLVO	AMAZON	AA
VOLVO	AMAZONE	AA
VOLVO	B10M-ART-J71	CA
VOLVO	B7RLE	CA
VOLVO	C30	AD
VOLVO	C303 1V	AF
VOLVO	C40	AC
VOLVO	C70	AD
VOLVO	C70	AE
VOLVO	C70 T5	AE
VOLVO	EC40	AC
VOLVO	ES90	AA
VOLVO	EX30	AC
VOLVO	EX30 CROSS COUNTRY	AC
VOLVO	EX40	AC
VOLVO	EX90	AF
VOLVO	FE	BB
VOLVO	FE	BE
VOLVO	FE 42R	BB
VOLVO	FE S 4X2R	BB
VOLVO	FH	BB
VOLVO	FH	BE
VOLVO	FH16	BB
VOLVO	FH16	BE
VOLVO	FL	BB
VOLVO	FL	BE
VOLVO	FL 608-4X2-J	BB
VOLVO	FL L 4X2R	BB
VOLVO	FL611	BB
VOLVO	FL612 FAT4.7 BAT7.8 GVW12 AIR-H	BB
VOLVO	FL612-42R-11T	BB
VOLVO	FL614	BB
VOLVO	FLC-42R-32T	BB
VOLVO	FLH	BB
VOLVO	FLL	BB
VOLVO	FM	BB
VOLVO	FM	BE
VOLVO	FM EEV	BB
VOLVO	FM7-42R-71S	BB
VOLVO	P 12194	AA
VOLVO	P 13134	AA
VOLVO	P 13194	AA
VOLVO	P 1800S	AD
VOLVO	P 21124	BB
VOLVO	P 21134	AC
VOLVO	P 54404 A	AA
VOLVO	P1300	AA
VOLVO	P13121	AA
VOLVO	P13135	AA
VOLVO	P1800	AD
VOLVO	P1800S	AD
VOLVO	P210	AC
VOLVO	P221	AC
VOLVO	P544	AA
VOLVO	PV	AA
VOLVO	PV C	AA
VOLVO	S40	AA
VOLVO	S60	AA
VOLVO	S60 CROSS COUNTRY	AA
VOLVO	S60 T5	AA
VOLVO	S60 T6 TWIN ENGINE	AA
VOLVO	S60 T8 TWIN ENGINE	AA
VOLVO	S70	AA
VOLVO	S80	AA
VOLVO	S90	AA
VOLVO	S90 T8 TWIN ENGINE	AA
VOLVO	TURBO	AA
VOLVO	V40	AC
VOLVO	V40	AF
VOLVO	V40 CROSS COUNTRY	AF
VOLVO	V50	AC
VOLVO	V50	AF
VOLVO	V50 T5	AC
VOLVO	V60	AC
VOLVO	V60 CROSS COUNTRY	AC
VOLVO	V60 PLUG IN	AC
VOLVO	V60 T6 TWIN ENGINE	AC
VOLVO	V60 T8 TWIN ENGINE	AC
VOLVO	V60 TWIN ENGINE	AC
VOLVO	V70	AC
VOLVO	V70 T5	AC
VOLVO	V70 XC	AC
VOLVO	V70R	AC
VOLVO	V90	AC
VOLVO	V90 CROSS COUNTRY	AC
VOLVO	V90 T8 TWIN ENGINE	AC
VOLVO	XC	AC
VOLVO	XC	AF
VOLVO	XC	BB
VOLVO	XC T6	AC
VOLVO	XC40	AC
VOLVO	XC40 T5 TWIN ENGINE	AC
VOLVO	XC60	AC
VOLVO	XC60 T5	AC
VOLVO	XC60 T5	AF
VOLVO	XC60 T6	AC
VOLVO	XC60 T6	AF
VOLVO	XC60 T8 TWIN ENGINE	AC
VOLVO	XC70	AC
VOLVO	XC70 CROSS COUNTRY	AC
VOLVO	XC70 T6	AC
VOLVO	XC90	AC
VOLVO	XC90	AF
VOLVO	XC90	BB
VOLVO	XC90 EXCELLENCE	AF
VOLVO	XC90 T6	AC
VOLVO	XC90 T6	AF
VOLVO	XC90 T8 TWIN ENGINE	AF
VOYAH	COURAGE	AF
VOYAH	FREE	AF
VW-PORSCHE	914	AD
VW-PORSCHE	914	AE
WARTBURG	353	AA
WEINSBERG	R46	SA
WEINSBERG	R47	SA
WEINSBERG	R48	SA
WEINSBERG	R49	SA
WEINSBERG	R50	SA
WEINSBERG	R51	SA
WEINSBERG	R52	SA
WEINSBERG	R53	SA
WEINSBERG	R54	SA
WEINSBERG	R55	SA
WEINSBERG	R57	SA
WEINSBERG	R58	SA
WEINSBERG	R59	SA
WEINSBERG	X-CURSION MQ	SA
WESTFALEN MOBIL	FORD NUGGET	SA
WESTFALIA	AMUNDSEN	SA
WESTFALIA	BIG NUGGET	SA
WESTFALIA	CLUB JOKER	SA
WESTFALIA	COLUMBUS	SA
WESTFALIA	FORD NUGGET	SA
WESTFALIA	FORD NUGGET NUGGET	SA
WESTFALIA	FORD NUGGET PLUS	SA
WESTFALIA	JUMPY BY WESTFALIA	SA
WESTFALIA	MERIDIAN	SA
WESTFALIA	NUGGET	SA
WESTFALIA	NUGGET AUFSTELLDACH	SA
WESTFALIA	SVEN HEDIN	SA
WESTFALIA	WEST	SA
WESTFALIA MOBIL	AMUNDSEN	SA
WESTFALIA MOBIL	COLUMBUS	SA
WESTFALIA VAN CONVERSION	MICHELANGELO	SA
WESTFIELD	SE	AE
WESTFIELD	SE-I WIDE	AE
WESTFIELD	SEIW	AE
WESTFIELD	SPORT	AE
WESTFIELD	SPORTS	AE
WIESMANN	ROADSTER MF3	AE
WILLYS	JEEP	AE
WILLYS	JEEP	BB
WILLYS	MB	AE
WILLYS	MB CABRIOLET	AE
WILLYS	OVERLAND	AE
WILLYS OVERLAND	MB	AE
WILLYS OVERLAND	WILLYS OVERLAND	AE
WINNEBAGO	LE SHARO	SA
XPENG	G6	AC
XPENG	G9	AC
XPENG	P7	AA
XPENG	P7 P7I	AA
XPENG	P7+	AB
YAXING	CARO	BB
YUCON	MICROLINER YUCON	SA
YUTONG	T12E	CA
YUTONG	U12	CA
YUTONG	U13L	CA
YUTONG	U15	CA
YUTONG	U18	CA
ZASTAVA	YUGO	AB
